"date","close","volume","open","high","low"
"2017/09/19","76.3200","879382.0000","75.2800","76.4400","75.2700"
"2017/09/18","75.0900","973816.0000","74.8100","75.2800","74.6100"
"2017/09/15","74.7500","1417068.0000","74.7300","75.2000","74.4100"
"2017/09/14","74.7000","1198266.0000","74.3400","74.7400","74.3000"
"2017/09/13","74.7400","645010.0000","74.9100","75.0900","74.5000"
"2017/09/12","75.0300","536376.0000","73.9000","75.0400","73.7700"
"2017/09/11","74.1700","1443236.0000","74.6400","75.1600","74.0600"
"2017/09/08","74.3500","843504.0000","73.7500","74.7500","73.7500"
"2017/09/07","73.7200","1097959.0000","74.2200","74.3500","73.3500"
"2017/09/06","74.1900","769996.0000","74.6400","75.0800","74.1500"
"2017/09/05","74.3800","1142468.0000","75.3700","75.3700","73.7000"
"2017/09/01","75.3700","550552.0000","75.4800","75.6900","75.1900"
"2017/08/31","75.3800","587548.0000","75.1700","75.7600","75.1700"
"2017/08/30","75.0800","585789.0000","75.1500","75.5300","75.0500"
"2017/08/29","75.2100","766268.0000","75.1300","75.3800","74.8700"
"2017/08/28","75.6300","546231.0000","76.0000","76.1500","75.3800"
"2017/08/25","75.7500","560380.0000","75.2500","76.1500","75.2500"
"2017/08/24","74.9400","854646.0000","75.9000","75.9000","74.9100"
"2017/08/23","75.6900","690247.0000","76.1300","76.1300","75.6100"
"2017/08/22","76.4400","693772.0000","75.5800","76.6700","75.4200"
"2017/08/21","75.2900","920727.0000","74.9000","75.4400","74.6650"
"2017/08/18","74.9100","1539391.0000","76.1300","76.2000","74.6200"
"2017/08/17","76.2800","551857.0000","77.0500","77.4400","76.1900"
"2017/08/16","77.1200","601729.0000","77.3000","77.7500","77.0300"
"2017/08/15","77.0000","782613.0000","77.0900","77.2000","76.8300"
"2017/08/14","76.8000","706463.0000","75.9600","76.9100","75.9400"
"2017/08/11","75.5000","673643.0000","76.1600","76.3800","75.4100"
"2017/08/10","75.9200","750671.0000","76.0300","76.7900","75.5900"
"2017/08/09","76.2500","577733.0000","74.8400","76.2800","74.6800"
"2017/08/08","75.2500","420457.0000","75.0900","75.3900","74.9700"
"2017/08/07","75.0100","483802.0000","75.2700","75.5600","74.9800"
"2017/08/04","75.1100","742352.0000","75.5000","75.6800","74.9400"
"2017/08/03","75.0900","558498.0000","74.5900","75.2700","74.5300"
"2017/08/02","74.6700","388061.0000","74.7600","74.9200","74.3800"
"2017/08/01","74.7800","708545.0000","74.4300","74.8200","74.1100"
"2017/07/31","74.3700","646706.0000","74.4500","74.6460","74.2650"
"2017/07/28","74.3700","518343.0000","74.3200","74.7400","74.1100"
"2017/07/27","74.3300","1268981.0000","74.5000","75.2300","73.7000"
"2017/07/26","74.4500","987631.0000","69.7600","74.5300","69.5200"
"2017/07/25","72.7400","790223.0000","73.0300","73.3450","72.5700"
"2017/07/24","72.6400","485754.0000","72.3900","72.7700","72.3900"
"2017/07/21","72.7400","846269.0000","71.9500","72.7900","71.9500"
"2017/07/20","72.0200","579311.0000","71.8200","72.1500","71.7100"
"2017/07/19","71.8100","526371.0000","71.7000","71.8800","71.4000"
"2017/07/18","71.7000","562159.0000","71.3600","71.7900","71.0700"
"2017/07/17","71.4900","902118.0000","71.0200","71.7975","70.7300"
"2017/07/14","71.0600","508823.0000","71.3100","71.6800","70.6600"
"2017/07/13","71.5400","640920.0000","71.5000","71.8800","71.2700"
"2017/07/12","71.3300","556814.0000","71.1700","71.5200","70.9301"
"2017/07/11","71.2000","980282.0000","71.3000","71.7900","71.0000"
"2017/07/10","71.3400","462027.0000","71.5200","71.8250","71.3200"
"2017/07/07","71.6300","598243.0000","71.4000","71.7800","70.9400"
"2017/07/06","71.2600","629754.0000","71.5400","71.6700","71.1602"
"2017/07/05","71.6800","927299.0000","71.6900","72.1400","71.5400"
"2017/07/03","71.6500","473332.0000","71.5100","72.2800","71.4900"
"2017/06/30","71.4900","660241.0000","71.5800","71.9600","71.4800"
"2017/06/29","71.5400","764573.0000","72.0000","72.1400","71.2500"
"2017/06/28","71.6300","691934.0000","70.9400","71.8400","70.7900"
"2017/06/27","70.6800","582481.0000","70.3700","70.9700","70.3000"
"2017/06/26","70.3000","818786.0000","69.9300","70.3800","69.8100"
"2017/06/23","69.8600","897685.0000","69.6700","69.9600","69.5800"
"2017/06/22","69.5300","418886.0000","69.7600","69.8700","69.4500"
"2017/06/21","69.7600","628271.0000","70.4000","70.4300","69.5700"
"2017/06/20","70.2700","875517.0000","70.9500","71.0400","70.1700"
"2017/06/19","71.1400","849504.0000","71.4100","71.4500","70.9700"
"2017/06/16","71.1600","1309276.0000","70.5400","71.1900","70.5400"
"2017/06/15","70.9500","1296324.0000","70.8700","71.0500","70.5500"
"2017/06/14","71.0500","1438830.0000","71.0400","71.4200","70.8600"
"2017/06/13","71.4900","932554.0000","70.4800","71.9250","70.4800"
"2017/06/12","70.4000","1020126.0000","70.4600","70.8800","70.3100"
"2017/06/09","70.5400","1119237.0000","70.8100","70.8100","70.2800"
"2017/06/08","70.2100","975179.0000","69.6100","70.4900","69.6100"
"2017/06/07","69.6000","851762.0000","68.5400","69.6500","68.3500"
"2017/06/06","68.2600","630604.0000","67.7200","68.3200","67.5000"
"2017/06/05","67.8700","605095.0000","67.5100","68.4800","67.5100"
"2017/06/02","67.5000","521977.0000","68.0200","68.0200","67.3700"
"2017/06/01","67.8700","699358.0000","68.0500","68.1300","67.3800"
"2017/05/31","67.6500","1148363.0000","67.6800","68.0600","67.2900"
"2017/05/30","67.4200","618929.0000","67.4800","67.7100","67.2030"
"2017/05/26","67.5800","561929.0000","68.1500","68.3000","67.5400"
"2017/05/25","68.1900","411568.0000","67.6700","68.3300","67.6200"
"2017/05/24","67.6700","549050.0000","68.1600","68.3150","67.6600"
"2017/05/23","67.9300","427498.0000","67.9700","68.1400","67.6800"
"2017/05/22","67.9100","685316.0000","67.7000","67.9900","67.3700"
"2017/05/19","67.4400","920510.0000","66.7900","67.5100","66.6100"
"2017/05/18","66.7400","1411970.0000","66.7400","66.9300","65.9800"
"2017/05/17","66.7300","827549.0000","66.7700","67.2200","66.6200"
"2017/05/16","67.3700","767085.0000","67.7500","67.8400","67.2500"
"2017/05/15","67.7700","792039.0000","67.4400","68.0660","67.4400"
"2017/05/12","67.5500","1067747.0000","67.0100","67.7300","66.9700"
"2017/05/11","67.2000","1359947.0000","66.7500","67.3300","66.2800"
"2017/05/10","66.7500","984145.0000","66.6600","66.8200","65.9800"
"2017/05/09","66.7500","1186355.0000","67.1800","67.4000","66.7300"
"2017/05/08","67.0300","982837.0000","67.9000","68.0300","66.7400"
"2017/05/05","67.9100","571990.0000","67.9600","68.0650","67.5265"
"2017/05/04","67.9600","850034.0000","68.1000","68.1000","67.3000"
"2017/05/03","67.8100","1239941.0000","68.3400","68.5300","67.2800"
"2017/05/02","68.3600","570488.0000","68.4500","68.6400","68.0200"
"2017/05/01","68.4400","627104.0000","69.2400","69.2400","68.4300"
"2017/04/28","68.8700","1026795.0000","68.6500","69.0200","68.3600"
"2017/04/27","68.6700","1561212.0000","69.4200","69.5200","68.2750"
"2017/04/26","69.5400","1874193.0000","70.2200","70.5400","68.9300"
"2017/04/25","70.5300","760601.0000","70.8800","70.9700","70.4400"
"2017/04/24","70.4500","1117192.0000","70.8300","70.9900","70.1100"
"2017/04/21","69.9100","827624.0000","69.9700","70.3000","69.6600"
"2017/04/20","70.1200","684982.0000","69.5800","70.2050","69.1300"
"2017/04/19","69.1700","488647.0000","69.4200","69.6400","69.0700"
"2017/04/18","69.1000","1041712.0000","68.8100","69.2400","68.4300"
"2017/04/17","69.0800","597411.0000","68.2300","69.1000","68.0900"
"2017/04/13","68.1100","784126.0000","68.5800","68.6900","67.9200"
"2017/04/12","68.6800","685790.0000","68.9000","68.9100","68.4300"
"2017/04/11","69.0000","702320.0000","69.0700","69.3300","68.5100"
"2017/04/10","69.3600","676636.0000","69.2800","69.7100","69.1100"
"2017/04/07","69.2200","822334.0000","68.7700","69.5800","68.7400"
"2017/04/06","69.1300","538227.0000","69.0400","69.6400","68.7200"
"2017/04/05","69.0900","799727.0000","69.0200","69.9000","68.5500"
"2017/04/04","68.6300","799976.0000","68.8300","68.9400","68.0700"
"2017/04/03","68.9100","677790.0000","69.2800","69.6000","68.8295"
"2017/03/31","69.4500","900482.0000","69.1700","69.6400","68.8800"
"2017/03/30","69.3900","894575.0000","68.7000","69.5100","68.5200"
"2017/03/29","68.6700","601358.0000","68.9700","69.0100","68.4250"
"2017/03/28","69.1400","969425.0000","68.9800","69.3856","68.6000"
"2017/03/27","69.0100","525911.0000","69.2700","69.3975","68.7900"
"2017/03/24","69.8500","844700.0000","69.9200","70.5399","69.6800"
"2017/03/23","69.7300","839891.0000","69.7700","70.2200","69.6100"
"2017/03/22","69.7000","712735.0000","69.8100","69.9600","69.3900"
"2017/03/21","69.7400","1142663.0000","71.0500","71.2100","69.6850"
"2017/03/20","70.7700","632079.0000","70.6500","71.0300","70.5400"
"2017/03/17","70.8800","1551695.0000","71.1200","71.4600","70.8500"
"2017/03/16","71.1600","1099199.0000","70.7800","71.2600","70.3700"
"2017/03/15","70.8200","956009.0000","70.6900","70.9100","70.3600"
"2017/03/14","70.7100","691532.0000","70.6500","70.9400","70.5100"
"2017/03/13","70.7800","1056170.0000","70.8800","71.0200","70.4300"
"2017/03/10","70.9600","1085220.0000","71.3100","71.5700","70.2700"
"2017/03/09","71.0800","718833.0000","71.0400","71.2700","70.7100"
"2017/03/08","70.7300","827207.0000","70.9900","71.3300","70.6600"
"2017/03/07","70.9300","739423.0000","71.4400","71.4400","70.7300"
"2017/03/06","71.3600","877435.0000","70.8100","71.5600","70.6300"
"2017/03/03","71.0900","1104087.0000","71.2100","71.5800","70.6800"
"2017/03/02","71.2500","890064.0000","72.1800","72.3400","71.1500"
"2017/03/01","72.1800","1293738.0000","72.0000","72.5200","71.8100"
"2017/02/28","71.1100","1355994.0000","71.1800","71.3350","70.6900"
"2017/02/27","71.1500","767239.0000","71.5700","71.5700","70.9200"
"2017/02/24","71.4500","871809.0000","71.0800","71.7900","71.0487"
"2017/02/23","71.4500","547286.0000","71.4300","71.7300","71.1700"
"2017/02/22","71.2400","814774.0000","71.2400","71.7600","71.0600"
"2017/02/21","71.3700","962308.0000","71.6000","71.8600","71.2650"
"2017/02/17","71.5100","2710388.0000","71.1300","71.6500","70.8000"
"2017/02/16","71.3400","879385.0000","71.3300","71.5900","70.7200"
"2017/02/15","71.2500","877006.0000","71.0300","71.6300","70.5100"
"2017/02/14","70.7800","682582.0000","70.7000","71.0400","70.5000"
"2017/02/13","70.7000","840413.0000","69.7900","70.8600","69.4400"
"2017/02/10","69.7700","877602.0000","69.1100","69.9950","69.0800"
"2017/02/09","69.1000","558271.0000","68.9200","69.4700","68.8100"
"2017/02/08","68.8800","995964.0000","69.3000","69.3800","68.6200"
"2017/02/07","69.3600","1371233.0000","69.9800","70.1400","68.9300"
"2017/02/06","69.7400","869754.0000","70.0500","70.3100","69.6000"
"2017/02/03","70.3400","974234.0000","71.0000","71.0000","70.0400"
"2017/02/02","70.6700","829709.0000","70.6700","71.2100","70.0300"
"2017/02/01","70.7500","1340638.0000","70.4700","71.8900","70.2900"
"2017/01/31","70.5400","1482725.0000","68.3600","70.6100","67.2600"
"2017/01/30","68.1800","763116.0000","68.0400","68.2600","67.4300"
"2017/01/27","68.3600","727573.0000","68.9200","68.9300","68.1000"
"2017/01/26","68.8300","623615.0000","68.5000","68.9000","68.2800"
"2017/01/25","68.3400","613782.0000","68.0900","68.4500","67.7000"
"2017/01/24","67.9500","647011.0000","67.2300","68.2870","66.8500"
"2017/01/23","67.3200","630066.0000","67.0600","67.6800","66.6700"
"2017/01/20","67.3600","637826.0000","67.3000","67.5800","66.8400"
"2017/01/19","67.0600","624995.0000","67.0600","67.3400","66.4900"
"2017/01/18","67.2500","777553.0000","66.7100","67.2900","66.6200"
"2017/01/17","66.9900","909564.0000","67.3600","67.6800","66.8900"
"2017/01/13","67.7100","461041.0000","67.3300","67.9200","67.2400"
"2017/01/12","67.4000","502574.0000","67.4400","67.5500","66.1000"
"2017/01/11","67.7200","484379.0000","67.1900","67.8000","66.8900"
"2017/01/10","67.2000","834144.0000","67.6200","67.8700","67.1700"
"2017/01/09","67.7700","639870.0000","68.3700","68.4500","67.3300"
"2017/01/06","68.4600","615215.0000","67.6200","68.8100","67.5200"
"2017/01/05","67.6400","626320.0000","67.4900","68.1500","67.2400"
"2017/01/04","67.7200","612446.0000","66.6500","67.8000","66.6400"
"2017/01/03","66.6800","614723.0000","67.4700","67.5900","66.2600"
"2016/12/30","67.1200","548709.0000","67.3000","67.4400","66.9700"
"2016/12/29","67.0100","483698.0000","67.3400","67.4700","66.9000"
"2016/12/28","67.3400","848730.0000","67.5800","67.6200","67.1500"
"2016/12/27","67.5300","261549.0000","67.4100","67.5700","67.0700"
"2016/12/23","67.1700","372143.0000","67.1300","67.3800","66.9300"
"2016/12/22","67.2100","365941.0000","67.4800","67.5000","66.9800"
"2016/12/21","67.4900","387843.0000","68.2500","68.2500","67.4300"
"2016/12/20","68.0100","604684.0000","67.6300","68.1100","67.4100"
"2016/12/19","67.7000","527865.0000","67.9200","68.5600","67.3700"
"2016/12/16","68.0600","1278793.0000","68.5900","69.0800","67.8300"
"2016/12/15","68.6100","731636.0000","68.4100","68.9000","68.0200"
"2016/12/14","68.2600","1083155.0000","68.9500","69.2500","67.9400"
"2016/12/13","69.2600","1024218.0000","69.0000","69.7300","68.8598"
"2016/12/12","68.7900","796046.0000","68.2300","69.0700","68.1610"
"2016/12/09","68.6200","953434.0000","68.0000","68.6800","67.1100"
"2016/12/08","67.7700","747556.0000","67.8700","68.1300","67.1900"
"2016/12/07","67.6100","1481872.0000","66.8200","68.0800","66.4600"
"2016/12/06","66.5200","1559375.0000","65.1400","66.5925","64.7500"
"2016/12/05","64.8600","1188905.0000","64.6700","65.0600","64.3100"
"2016/12/02","63.8800","951768.0000","63.7000","64.5000","63.3600"
"2016/12/01","63.5500","1039147.0000","63.9700","64.3200","63.4201"
"2016/11/30","64.0900","1439816.0000","64.9500","65.0600","63.9500"
"2016/11/29","64.9700","1207731.0000","64.8800","65.4700","64.4200"
"2016/11/28","64.5800","836415.0000","65.5400","65.5400","64.4700"
"2016/11/25","65.6900","218033.0000","65.1100","65.6900","65.1100"
"2016/11/23","65.3400","499014.0000","65.5700","65.6200","64.7900"
"2016/11/22","65.5800","620681.0000","66.1500","66.2100","65.3100"
"2016/11/21","65.9700","805135.0000","66.1100","66.2600","65.6500"
"2016/11/18","65.8500","957780.0000","64.9300","65.9400","64.7100"
"2016/11/17","64.8600","554621.0000","64.6900","65.1400","64.5700"
"2016/11/16","64.7100","1259242.0000","64.4200","64.9500","64.1501"
"2016/11/15","64.4800","1164937.0000","64.8200","64.9100","63.6000"
"2016/11/14","64.7300","1413510.0000","66.6200","66.6600","64.5700"
"2016/11/11","66.4400","889446.0000","66.9800","67.3200","65.8700"
"2016/11/10","67.1000","1211166.0000","67.4900","68.2900","66.8900"
"2016/11/09","66.9300","1034039.0000","65.2100","67.1400","64.6900"
"2016/11/08","65.3800","667090.0000","65.4400","65.5700","64.1900"
"2016/11/07","65.4600","684493.0000","65.3300","65.5700","65.0400"
"2016/11/04","64.6800","1269127.0000","64.3400","65.4200","64.0300"
"2016/11/03","64.1600","861704.0000","63.8000","64.5500","63.8000"
"2016/11/02","63.7600","699330.0000","63.6500","64.0500","63.5300"
"2016/11/01","63.5200","971573.0000","63.8000","64.2000","63.3000"
"2016/10/31","63.9700","677218.0000","64.1300","64.2700","63.8300"
"2016/10/28","64.0900","493922.0000","64.0400","64.5900","63.7150"
"2016/10/27","63.9500","1152879.0000","64.5500","64.5500","63.3200"
"2016/10/26","64.6900","1275305.0000","65.2200","66.6150","64.2800"
"2016/10/25","66.3600","1007785.0000","66.4000","66.8050","66.0600"
"2016/10/24","66.3000","498954.0000","66.2600","66.7700","66.2000"
"2016/10/21","66.1800","620339.0000","65.4100","66.3100","65.2200"
"2016/10/20","65.7300","557097.0000","66.5300","66.5800","65.6300"
"2016/10/19","66.4000","569566.0000","66.1600","66.4700","65.8500"
"2016/10/18","66.2100","397105.0000","66.7900","67.1800","66.1100"
"2016/10/17","66.3800","547922.0000","67.4600","67.7700","66.2450"
"2016/10/14","67.2400","603938.0000","67.4100","67.4200","66.9600"
"2016/10/13","66.8400","1269208.0000","66.1400","67.0100","65.9700"
"2016/10/12","66.4600","828702.0000","65.7400","66.6450","65.7100"
"2016/10/11","65.9400","950219.0000","66.1600","66.8600","65.5400"
"2016/10/10","66.4200","933337.0000","67.1300","67.4450","66.3200"
"2016/10/07","67.0300","488842.0000","67.4700","67.4700","66.4700"
"2016/10/06","67.3500","605867.0000","66.8800","67.3950","66.5100"
"2016/10/05","66.8700","822329.0000","66.8000","67.1300","66.6100"
"2016/10/04","66.7900","681955.0000","67.2100","67.4700","66.5900"
"2016/10/03","67.0500","995824.0000","67.2800","67.6900","66.7700"
"2016/09/30","67.5400","906040.0000","67.8000","68.0800","67.3600"
"2016/09/29","67.4800","888815.0000","68.3100","68.6800","67.0000"
"2016/09/28","68.2100","622116.0000","68.5600","68.5600","68.0500"
"2016/09/27","68.5500","807495.0000","68.7400","69.0000","68.5200"
"2016/09/26","68.8400","687847.0000","69.1800","70.0000","68.7850"
"2016/09/23","69.4600","1030923.0000","69.7900","70.5600","68.9300"
"2016/09/22","70.4400","501318.0000","71.0000","71.0100","70.3800"
"2016/09/21","70.6700","473156.0000","69.9300","70.7200","69.5300"
"2016/09/20","69.6200","706370.0000","70.1000","70.4500","69.3600"
"2016/09/19","69.8000","808013.0000","69.6800","70.2200","69.6000"
"2016/09/16","69.4700","959251.0000","69.1100","69.6200","68.6500"
"2016/09/15","69.5200","606409.0000","68.6800","69.6400","68.6800"
"2016/09/14","68.6900","768971.0000","68.8300","69.2500","68.6200"
"2016/09/13","69.0600","650121.0000","69.0500","69.5000","68.5700"
"2016/09/12","69.4800","956304.0000","68.7100","69.7100","68.2200"
"2016/09/09","68.9800","884260.0000","69.7800","70.0200","68.9700"
"2016/09/08","70.2100","567380.0000","70.7500","70.9800","70.2000"
"2016/09/07","70.9000","527995.0000","70.6500","70.9500","70.0500"
"2016/09/06","71.5000","430802.0000","71.8300","71.8700","71.1100"
"2016/09/02","71.6700","461383.0000","71.8800","71.9200","71.2700"
"2016/09/01","71.6400","575609.0000","71.2300","71.7400","71.0800"
"2016/08/31","71.2100","578161.0000","71.1100","71.4700","71.0500"
"2016/08/30","71.3400","508151.0000","71.0500","71.3400","70.3800"
"2016/08/29","71.1000","520111.0000","70.5900","71.6400","70.5000"
"2016/08/26","70.4900","360129.0000","70.8300","70.9800","70.0500"
"2016/08/25","70.6200","747473.0000","70.2400","70.8150","70.0000"
"2016/08/24","70.2800","676979.0000","70.4000","70.4600","70.0500"
"2016/08/23","70.5600","480703.0000","70.6700","70.7600","70.2700"
"2016/08/22","70.4800","535301.0000","70.1500","70.6100","70.1200"
"2016/08/19","70.4400","697452.0000","70.1200","70.4400","69.8700"
"2016/08/18","70.3200","550261.0000","70.3100","70.7700","70.2200"
"2016/08/17","70.2100","843204.0000","69.4500","70.3000","69.2300"
"2016/08/16","69.2800","394406.0000","69.9000","70.0100","69.2600"
"2016/08/15","70.0900","636940.0000","70.0300","70.2400","69.8500"
"2016/08/12","70.1500","947101.0000","69.8800","70.2500","69.6400"
"2016/08/11","70.0300","1152412.0000","70.6700","70.9900","69.6300"
"2016/08/10","70.3200","989009.0000","70.0600","70.5400","69.9600"
"2016/08/09","70.2300","937436.0000","70.6700","70.9600","70.1100"
"2016/08/08","70.5000","1122910.0000","71.3600","71.3800","70.4500"
"2016/08/05","71.1800","816462.0000","71.5800","71.6900","71.1200"
"2016/08/04","71.4300","1028597.0000","71.5100","71.8800","71.1500"
"2016/08/03","71.5300","995361.0000","71.3200","71.7500","70.8200"
"2016/08/02","71.2000","570755.0000","71.4100","71.4100","70.7500"
"2016/08/01","71.4200","851363.0000","71.0000","71.4300","70.6500"
"2016/07/29","70.7600","808990.0000","70.6500","71.4200","70.5600"
"2016/07/28","70.8700","878875.0000","70.8200","71.4700","70.4200"
"2016/07/27","70.8400","1421357.0000","68.5000","70.9600","68.4700"
"2016/07/26","68.5000","1247816.0000","68.4700","68.9400","68.0900"
"2016/07/25","68.4400","641109.0000","67.8000","68.4400","67.4400"
"2016/07/22","67.7900","534450.0000","67.3200","67.9300","67.2200"
"2016/07/21","67.3700","396410.0000","67.5400","67.6100","67.0300"
"2016/07/20","67.7400","402847.0000","68.1600","68.2100","67.6400"
"2016/07/19","68.0700","517981.0000","67.1800","68.0800","67.1800"
"2016/07/18","67.6000","627383.0000","68.6600","68.6600","67.4400"
"2016/07/15","67.5100","910211.0000","67.6000","67.6000","67.1200"
"2016/07/14","67.3700","836740.0000","67.6400","67.8500","66.9400"
"2016/07/13","67.1700","567905.0000","67.6400","67.7100","66.7900"
"2016/07/12","67.3100","655690.0000","66.7000","67.3700","66.5900"
"2016/07/11","66.4300","477741.0000","66.2300","66.5300","66.0000"
"2016/07/08","65.8800","830120.0000","65.4200","66.1000","65.2300"
"2016/07/07","64.9200","712286.0000","64.8500","65.2000","64.5400"
"2016/07/06","64.7400","733418.0000","64.6400","64.9100","64.3400"
"2016/07/05","64.5900","805066.0000","63.7200","64.7500","63.1901"
"2016/07/01","64.7700","656762.0000","64.7100","65.1800","64.5100"
"2016/06/30","64.6700","1398808.0000","64.4200","64.8650","64.0100"
"2016/06/29","64.0900","828504.0000","63.1900","64.0900","63.0800"
"2016/06/28","62.6000","989447.0000","61.7500","62.6600","61.4300"
"2016/06/27","61.4300","1025690.0000","62.3600","62.4600","61.1900"
"2016/06/24","63.0000","2011454.0000","62.1600","64.2900","61.7800"
"2016/06/23","64.4100","704860.0000","63.3100","64.4200","63.2600"
"2016/06/22","63.0900","759323.0000","63.0900","63.2500","62.8900"
"2016/06/21","62.9700","986130.0000","62.9600","63.3500","62.9200"
"2016/06/20","63.0900","915761.0000","64.6100","64.8789","63.0500"
"2016/06/17","63.8800","1296350.0000","64.5900","64.8500","63.8200"
"2016/06/16","64.8900","660078.0000","64.2800","64.9100","64.2200"
"2016/06/15","64.8000","713176.0000","64.8700","65.4500","64.6600"
"2016/06/14","64.8900","929046.0000","64.8500","65.3800","64.6800"
"2016/06/13","65.1100","709663.0000","65.2800","65.9700","65.0900"
"2016/06/10","65.5800","748193.0000","65.0900","65.9500","65.0200"
"2016/06/09","65.6600","783838.0000","65.1600","65.7400","64.8800"
"2016/06/08","65.2200","519477.0000","64.8600","65.2900","64.5700"
"2016/06/07","64.8900","919652.0000","65.1100","65.5000","64.8600"
"2016/06/06","65.1300","507457.0000","65.0100","65.4600","64.7850"
"2016/06/03","65.0700","594093.0000","64.9000","65.2750","64.2100"
"2016/06/02","65.1500","424330.0000","65.2800","65.5000","64.8500"
"2016/06/01","65.6000","717621.0000","65.5000","65.8000","65.3800"
"2016/05/31","66.0100","1240639.0000","65.7500","66.0300","65.3600"
"2016/05/27","65.6700","424896.0000","65.3400","65.6900","65.2200"
"2016/05/26","65.0200","606321.0000","65.3800","65.4500","64.6600"
"2016/05/25","65.5000","823528.0000","65.6800","65.9200","65.0900"
"2016/05/24","65.6200","981474.0000","64.0000","65.7000","63.8400"
"2016/05/23","63.5700","624615.0000","63.5000","63.7900","63.0668"
"2016/05/20","63.6200","565296.0000","63.4100","64.0000","63.0750"
"2016/05/19","63.0400","623619.0000","62.8400","63.4500","62.6700"
"2016/05/18","63.0500","1280095.0000","62.3000","63.1900","61.5900"
"2016/05/17","62.5300","645693.0000","63.7300","63.9000","62.3100"
"2016/05/16","63.7300","518477.0000","63.5200","63.9800","63.3100"
"2016/05/13","63.6800","554857.0000","64.0900","64.4600","63.4500"
"2016/05/12","64.1800","720961.0000","63.7600","64.3500","63.6900"
"2016/05/11","63.6200","960779.0000","64.4300","64.6600","63.4400"
"2016/05/10","64.5900","1140930.0000","64.3300","64.6400","64.0500"
"2016/05/09","64.5000","689405.0000","64.0300","64.5600","64.0300"
"2016/05/06","64.0300","1031145.0000","63.1700","64.2600","62.9400"
"2016/05/05","63.2000","846720.0000","62.6900","63.4000","62.6900"
"2016/05/04","62.5800","836848.0000","61.9500","62.9700","61.9500"
"2016/05/03","62.2700","462281.0000","62.0900","62.4800","61.6200"
"2016/05/02","63.0100","748277.0000","61.7400","63.1800","61.5700"
"2016/04/29","61.7100","1119041.0000","62.5800","62.5800","61.2500"
"2016/04/28","62.8600","865786.0000","63.5900","64.3900","62.6700"
"2016/04/27","64.1300","1163675.0000","65.0900","65.2453","63.5900"
"2016/04/26","64.4100","1249764.0000","64.2100","64.7200","63.9100"
"2016/04/25","64.1700","649873.0000","63.7500","64.2000","63.5300"
"2016/04/22","63.9900","675631.0000","63.7000","64.4300","63.5500"
"2016/04/21","63.8100","625230.0000","63.9800","64.3400","63.5401"
"2016/04/20","64.1300","735502.0000","64.1300","64.3500","63.7600"
"2016/04/19","64.1700","856703.0000","64.3000","64.5300","63.6001"
"2016/04/18","64.1400","723858.0000","64.0300","64.5500","63.9000"
"2016/04/15","64.4400","1272461.0000","63.8200","64.5200","63.5000"
"2016/04/14","63.6700","677627.0000","63.3700","64.3300","63.3700"
"2016/04/13","63.9500","1265647.0000","63.4400","64.1700","63.2100"
"2016/04/12","63.1500","1978370.0000","63.6500","64.0500","61.7600"
"2016/04/11","64.2800","1037552.0000","64.1700","64.7000","63.7300"
"2016/04/08","63.6500","722129.0000","64.4000","64.4000","63.4800"
"2016/04/07","64.2600","938224.0000","64.6800","65.6300","63.7800"
"2016/04/06","64.9500","1248136.0000","64.8100","65.0259","63.9300"
"2016/04/05","64.9800","1091747.0000","65.1500","65.6200","64.8950"
"2016/04/04","65.5500","1314360.0000","66.3900","66.3900","64.8700"
"2016/04/01","66.0900","1447463.0000","66.1200","66.6600","65.6000"
"2016/03/31","66.3800","1799940.0000","65.3900","66.5500","65.1700"
"2016/03/30","65.1700","1349109.0000","66.0300","66.6950","64.8400"
"2016/03/29","65.5700","1164370.0000","64.6700","65.5800","64.6700"
"2016/03/28","64.6800","787197.0000","64.3400","65.0000","64.0700"
"2016/03/24","64.0200","1560540.0000","65.3500","65.6500","63.8000"
"2016/03/23","65.6400","1583988.0000","64.6100","66.3600","64.5200"
"2016/03/22","65.4200","1504040.0000","64.1000","65.4600","63.7500"
"2016/03/21","64.2700","3101255.0000","64.2500","64.5000","63.6800"
"2016/03/18","64.5100","4390104.0000","65.8700","66.5880","63.8900"
"2016/03/17","65.8500","1888282.0000","66.6400","67.0100","65.7700"
"2016/03/16","66.6100","1207123.0000","66.5000","66.9500","66.1701"
"2016/03/15","67.0400","1237828.0000","66.5700","67.6050","66.5000"
"2016/03/14","66.8300","850126.0000","65.7100","67.2800","65.5700"
"2016/03/11","65.9800","1109372.0000","65.4800","66.4000","64.5400"
"2016/03/10","64.9700","2353457.0000","64.8000","65.0750","63.1100"
"2016/03/09","65.3700","749249.0000","65.4100","65.9500","64.8700"
"2016/03/08","64.8700","953765.0000","63.8600","65.2380","63.8000"
"2016/03/07","64.2400","761011.0000","64.7700","64.9000","63.9600"
"2016/03/04","64.9400","1176889.0000","65.2500","65.4900","64.0800"
"2016/03/03","65.2000","880682.0000","64.5600","65.2400","63.8600"
"2016/03/02","64.4900","1778788.0000","64.9900","64.9900","63.5800"
"2016/03/01","64.2700","1157000.0000","63.8200","64.4200","63.1700"
"2016/02/29","63.2900","1374950.0000","63.9600","64.3850","62.7900"
"2016/02/26","63.8500","791080.0000","64.7300","65.1000","63.8100"
"2016/02/25","64.5100","1194181.0000","63.8800","64.5300","63.3600"
"2016/02/24","63.6600","1011233.0000","62.2500","63.8200","62.2500"
"2016/02/23","63.1400","1343774.0000","64.4700","64.9500","63.0800"
"2016/02/22","63.5500","1127482.0000","64.1700","64.3400","63.2400"
"2016/02/19","62.9300","898815.0000","62.5300","63.1600","62.2300"
"2016/02/18","62.8800","1002089.0000","63.1900","63.5300","62.6900"
"2016/02/17","62.9600","986371.0000","61.8900","63.2100","61.8300"
"2016/02/16","61.6600","883386.0000","62.5500","62.6100","60.9400"
"2016/02/12","61.3100","783012.0000","61.4600","61.5400","60.0800"
"2016/02/11","59.9700","1044772.0000","59.3300","60.4700","58.9300"
"2016/02/10","60.8800","993620.0000","61.9300","62.5800","60.5800"
"2016/02/09","61.4900","1273927.0000","59.9700","62.2050","59.9500"
"2016/02/08","60.2100","2041641.0000","58.6500","60.5800","57.8500"
"2016/02/05","59.4000","1970608.0000","60.2800","60.6500","58.5300"
"2016/02/04","59.8500","2508701.0000","61.7300","62.2100","58.6900"
"2016/02/03","61.6000","2097379.0000","62.5400","62.7700","60.4000"
"2016/02/02","62.3200","2176286.0000","61.0000","62.5300","60.7500"
"2016/02/01","61.7400","2113828.0000","61.9600","62.1100","60.3900"
"2016/01/29","62.0000","2291816.0000","59.4500","62.3600","58.7100"
"2016/01/28","58.8900","1903699.0000","57.9800","59.8500","56.2500"
"2016/01/27","58.3000","1714799.0000","58.7400","59.9600","57.9701"
"2016/01/26","58.5300","1381865.0000","57.0900","58.6200","56.7600"
"2016/01/25","56.6000","1075409.0000","57.5400","57.9900","56.5600"
"2016/01/22","57.7300","999363.0000","56.6600","57.9300","55.4600"
"2016/01/21","55.7800","1150558.0000","56.3500","57.2900","55.7400"
"2016/01/20","56.3000","1245779.0000","56.4900","56.9700","55.2700"
"2016/01/19","57.4700","1287407.0000","57.2100","58.1400","57.0800"
"2016/01/15","56.4900","1438860.0000","55.8300","57.5000","55.8300"
"2016/01/14","57.4900","1546334.0000","56.0900","57.9900","55.7940"
"2016/01/13","55.7300","1448923.0000","57.7700","57.9100","55.4600"
"2016/01/12","57.5800","1278599.0000","57.8900","57.9600","57.2800"
"2016/01/11","57.2800","1509187.0000","56.5300","57.5900","56.1200"
"2016/01/08","55.8100","1372917.0000","57.4700","57.5100","55.7200"
"2016/01/07","57.1000","2842226.0000","56.3700","57.8800","56.3200"
"2016/01/06","57.2300","747902.0000","56.6900","57.7400","56.4175"
"2016/01/05","57.4000","1257373.0000","56.5900","57.5300","56.5200"
"2016/01/04","56.5400","1299393.0000","56.9000","57.1450","56.0100"
"2015/12/31","58.1700","807922.0000","58.7700","59.0600","58.1700"
"2015/12/30","59.0200","743323.0000","59.2900","59.9500","58.7600"
"2015/12/29","59.3800","1009449.0000","59.5400","60.1097","59.1800"
"2015/12/28","59.1100","1279705.0000","58.0300","59.2000","57.8000"
"2015/12/24","57.9900","368041.0000","58.0500","58.1700","57.7400"
"2015/12/23","57.9800","934933.0000","58.3400","58.4599","57.8300"
"2015/12/22","58.0100","1450977.0000","56.8500","58.1300","56.2600"
"2015/12/21","56.4700","910472.0000","56.4900","57.2700","55.9900"
"2015/12/18","55.9300","2241157.0000","56.0500","56.1600","55.6100"
"2015/12/17","56.0800","866283.0000","56.8100","57.3900","55.8400"
"2015/12/16","56.8900","1254504.0000","57.1000","57.2900","56.1900"
"2015/12/15","56.7700","1179899.0000","56.5600","57.2100","56.5400"
"2015/12/14","56.0800","1632488.0000","54.8100","56.1200","54.8000"
"2015/12/11","54.8600","1618287.0000","55.1100","55.6700","54.6200"
"2015/12/10","55.9600","1140671.0000","56.2600","56.5600","55.7400"
"2015/12/09","56.4600","1068447.0000","58.0700","58.1300","56.2300"
"2015/12/08","57.9200","1453838.0000","57.0400","58.1000","56.7600"
"2015/12/07","58.2800","865383.0000","58.7000","58.9400","57.3100"
"2015/12/04","58.9400","949362.0000","56.9800","59.0899","56.9600"
"2015/12/03","56.9800","1367247.0000","58.7100","58.7100","56.2900"
"2015/12/02","58.5100","846286.0000","58.9300","59.0300","58.3400"
"2015/12/01","58.7200","892085.0000","58.8900","59.1900","58.3000"
"2015/11/30","58.6200","938758.0000","58.9400","58.9900","58.2200"
"2015/11/27","58.8700","239002.0000","58.6200","58.9100","58.2100"
"2015/11/25","58.4500","505519.0000","58.4900","58.7800","58.3300"
"2015/11/24","58.4900","1233299.0000","58.6200","58.8100","58.0200"
"2015/11/23","59.2300","1186702.0000","59.7900","60.0000","59.1400"
"2015/11/20","59.9700","2787805.0000","59.3600","60.0500","59.3000"
"2015/11/19","59.3600","1225699.0000","58.2800","59.4800","58.2800"
"2015/11/18","58.6900","1402189.0000","57.5900","58.7300","57.4600"
"2015/11/17","57.5600","1402128.0000","57.1200","57.9400","57.0100"
"2015/11/16","57.2400","1213674.0000","56.4100","57.2800","56.1900"
"2015/11/13","56.5900","1612496.0000","57.3400","58.1200","56.2707"
"2015/11/12","57.7100","955554.0000","57.9700","58.3200","57.7000"
"2015/11/11","58.4900","775912.0000","58.4900","59.1300","57.8200"
"2015/11/10","58.5700","1313328.0000","57.4700","58.6100","57.2400"
"2015/11/09","57.6800","966244.0000","58.1100","58.1900","57.4600"
"2015/11/06","58.2400","1178636.0000","58.6900","59.3500","57.9300"
"2015/11/05","58.6200","772275.0000","58.1500","58.9300","58.0700"
"2015/11/04","58.1600","1358805.0000","59.2500","59.5000","58.0050"
"2015/11/03","59.3000","788392.0000","59.7800","59.9800","59.1600"
"2015/11/02","59.6700","1620136.0000","58.2500","59.6800","58.0300"
"2015/10/30","57.8900","1068382.0000","59.2500","59.4000","57.7000"
"2015/10/29","59.2200","981463.0000","59.0200","59.3500","58.7600"
"2015/10/28","59.2800","1085988.0000","58.9700","59.3999","58.8400"
"2015/10/27","58.9500","1398538.0000","58.1600","58.9980","57.7300"
"2015/10/26","58.4000","1276955.0000","58.9300","59.4100","57.9700"
"2015/10/23","58.7200","1807676.0000","59.1200","59.9000","57.8500"
"2015/10/22","59.1000","1645353.0000","55.3300","59.3654","55.3300"
"2015/10/21","55.2600","1048897.0000","56.0500","56.1800","55.2400"
"2015/10/20","55.8300","606707.0000","55.3900","56.0200","55.3500"
"2015/10/19","55.4400","760457.0000","54.7700","55.4600","54.7500"
"2015/10/16","54.9700","894799.0000","55.0000","55.1910","54.5400"
"2015/10/15","54.9100","911966.0000","53.8200","54.9400","53.7000"
"2015/10/14","53.6700","726047.0000","53.7600","54.2000","53.2200"
"2015/10/13","53.6100","1157688.0000","53.8100","54.3600","53.2200"
"2015/10/12","54.1300","663831.0000","53.1800","54.2800","52.8400"
"2015/10/09","53.0900","536412.0000","53.8200","53.9900","52.8700"
"2015/10/08","53.7800","757073.0000","53.1600","53.8800","52.7500"
"2015/10/07","53.2600","883142.0000","53.7500","53.9850","52.8300"
"2015/10/06","53.3800","835737.0000","53.5900","53.6100","52.9200"
"2015/10/05","53.6500","651254.0000","53.1100","53.7000","52.8600"
"2015/10/02","52.6300","827448.0000","51.6700","52.6400","50.9800"
"2015/10/01","52.6200","1266619.0000","53.4600","53.5700","51.9800"
"2015/09/30","53.3300","1311013.0000","52.4300","53.4400","52.1300"
"2015/09/29","51.8100","1318365.0000","52.0300","52.2300","51.4200"
"2015/09/28","52.0200","1028524.0000","53.3000","53.4200","52.0000"
"2015/09/25","53.4800","1070500.0000","52.4500","53.9999","51.9600"
"2015/09/24","51.9400","1512042.0000","51.6100","52.2200","51.4200"
"2015/09/23","51.9800","991192.0000","51.0000","52.1000","50.9800"
"2015/09/22","51.0400","1046432.0000","50.4900","51.0500","50.4400"
"2015/09/21","51.1700","1057955.0000","50.8600","51.2100","50.6500"
"2015/09/18","50.4700","1888535.0000","50.1500","50.6500","49.8900"
"2015/09/17","50.9500","1279750.0000","51.8400","52.1800","50.8400"
"2015/09/16","51.8400","1034866.0000","51.4900","51.9050","51.2500"
"2015/09/15","51.7300","933086.0000","51.7200","52.0000","51.4400"
"2015/09/14","51.3700","886791.0000","51.7600","51.8168","51.2500"
"2015/09/11","51.7500","551586.0000","51.1800","51.7600","50.9100"
"2015/09/10","51.3300","719470.0000","50.8900","51.5500","50.5400"
"2015/09/09","50.9500","1006426.0000","52.4100","52.4800","50.8050"
"2015/09/08","51.9600","821350.0000","51.0600","51.9800","50.9568"
"2015/09/04","50.3000","769373.0000","50.6900","50.8600","50.0400"
"2015/09/03","51.1500","766795.0000","50.9900","51.7500","50.8700"
"2015/09/02","50.7800","955289.0000","50.6300","50.8400","50.0800"
"2015/09/01","50.0200","1604488.0000","50.0900","50.6400","49.8200"
"2015/08/31","51.1900","1404398.0000","51.1300","51.5500","51.0100"
"2015/08/28","51.4900","1275963.0000","51.1100","51.5400","51.0100"
"2015/08/27","51.3000","1794557.0000","50.2400","51.3100","50.2400"
"2015/08/26","49.6900","5779977.0000","50.1300","50.4900","48.2000"
"2015/08/25","48.8400","3335447.0000","50.8800","51.1100","48.8400"
"2015/08/24","49.6400","2452222.0000","49.0800","51.4700","47.9500"
"2015/08/21","51.5500","4102027.0000","52.6500","53.0500","51.3700"
"2015/08/20","53.0600","1251345.0000","53.4600","53.7200","53.0600"
"2015/08/19","54.0300","1413361.0000","54.0600","54.2600","53.5810"
"2015/08/18","54.3100","876003.0000","54.2800","54.6800","54.0600"
"2015/08/17","54.1700","943299.0000","54.0500","54.4000","53.5500"
"2015/08/14","54.2600","845843.0000","53.6300","54.3450","53.4500"
"2015/08/13","53.6300","813651.0000","53.0800","53.9800","52.9400"
"2015/08/12","53.0400","821766.0000","52.7600","53.1600","52.0100"
"2015/08/11","53.3100","836176.0000","53.3200","53.5100","52.9400"
"2015/08/10","53.5500","892457.0000","53.3400","53.9500","53.0900"
"2015/08/07","52.9300","1011574.0000","52.5300","53.0000","52.4600"
"2015/08/06","52.7800","1508677.0000","52.7200","53.5000","52.3500"
"2015/08/05","52.4700","1328740.0000","51.5800","52.5500","51.4500"
"2015/08/04","51.3800","2274963.0000","51.1000","51.6000","50.9300"
"2015/08/03","50.9900","923968.0000","50.6900","51.0300","50.6900"
"2015/07/31","51.0300","1054504.0000","51.5800","51.6300","50.7900"
"2015/07/30","50.9900","1112787.0000","50.8900","51.1900","50.7300"
"2015/07/29","50.9900","762233.0000","50.5800","51.2300","48.7700"
"2015/07/28","50.6400","1388498.0000","51.3100","51.6740","50.4600"
"2015/07/27","51.1700","940780.0000","51.7600","51.9000","51.0800"
"2015/07/24","51.8900","664235.0000","51.6500","52.4200","51.6200"
"2015/07/23","51.5300","731659.0000","50.8900","52.2200","50.8600"
"2015/07/22","51.7300","912177.0000","50.9700","51.7800","50.9700"
"2015/07/21","51.2100","738768.0000","51.7500","51.8100","51.0800"
"2015/07/20","51.7500","471363.0000","51.7900","52.0100","51.6300"
"2015/07/17","51.8400","520188.0000","51.7200","51.9000","51.4650"
"2015/07/16","51.8700","681832.0000","51.5600","51.8700","51.3950"
"2015/07/15","51.2300","630532.0000","51.0600","51.4000","50.8100"
"2015/07/14","51.1600","529598.0000","50.6700","51.2850","50.5200"
"2015/07/13","50.6800","778064.0000","50.9700","51.1800","50.6700"
"2015/07/10","50.4800","1013822.0000","50.1700","50.6400","49.5400"
"2015/07/09","49.2200","1444673.0000","48.6400","49.8500","48.5000"
"2015/07/08","47.8600","1763347.0000","48.5700","48.6200","47.8600"
"2015/07/07","48.8400","1317168.0000","48.6900","48.8940","47.8100"
"2015/07/06","48.7600","1195980.0000","49.0800","49.1960","48.4400"
"2015/07/02","49.1300","1121645.0000","49.0800","49.1950","48.6900"
"2015/07/01","48.7100","1171851.0000","48.8000","49.0800","48.3000"
"2015/06/30","48.8100","820674.0000","48.8700","49.2100","48.6300"
"2015/06/29","48.5500","780845.0000","49.3100","49.5100","48.5300"
"2015/06/26","49.7000","746222.0000","50.0200","50.1700","49.6500"
"2015/06/25","49.9600","762296.0000","49.8800","50.3400","49.8000"
"2015/06/24","49.7400","750842.0000","50.4800","50.6300","49.7300"
"2015/06/23","50.5400","486825.0000","50.7800","50.8560","50.4700"
"2015/06/22","50.6200","544579.0000","50.6300","51.0000","50.4500"
"2015/06/19","50.3850","1241120.0000","50.8900","51.1700","50.2200"
"2015/06/18","51.2800","804120.0000","51.3700","51.5900","51.1400"
"2015/06/17","51.0500","980889.0000","50.6000","51.3550","50.5100"
"2015/06/16","50.5900","621117.0000","50.3000","50.7000","50.1900"
"2015/06/15","50.3400","587915.0000","50.4400","50.5600","49.9300"
"2015/06/12","50.7400","544796.0000","51.0400","51.1600","50.6700"
"2015/06/11","51.0900","583621.0000","50.9600","51.2800","50.8600"
"2015/06/10","50.7600","1001246.0000","50.1700","50.9600","50.1700"
"2015/06/09","50.1400","962307.0000","50.1500","50.3600","49.6900"
"2015/06/08","50.0300","1541885.0000","50.5800","50.5800","49.5100"
"2015/06/05","50.5300","1457079.0000","51.3100","51.6100","50.4300"
"2015/06/04","51.3300","672383.0000","51.7600","51.9400","51.0300"
"2015/06/03","51.9500","676917.0000","51.8200","52.3400","51.6800"
"2015/06/02","51.6000","724126.0000","51.5300","51.6150","51.1913"
"2015/06/01","51.4900","1287037.0000","52.0500","52.1600","51.4500"
"2015/05/29","51.7500","1060276.0000","52.2900","52.4300","51.7400"
"2015/05/28","52.3400","497750.0000","51.7300","52.4500","51.6700"
"2015/05/27","52.0600","755199.0000","51.9900","52.2450","51.6900"
"2015/05/26","51.9300","995548.0000","52.5000","52.5700","51.8700"
"2015/05/22","52.6200","837499.0000","52.1400","52.9400","52.1100"
"2015/05/21","52.2700","822105.0000","51.7200","52.4100","51.6500"
"2015/05/20","51.8300","770558.0000","52.2000","52.2300","51.6300"
"2015/05/19","52.2700","840946.0000","52.3800","52.4200","52.0000"
"2015/05/18","51.7800","552534.0000","51.2300","51.8350","51.2000"
"2015/05/15","51.1900","807643.0000","51.6200","51.7700","51.1000"
"2015/05/14","51.4500","541906.0000","51.0800","51.4800","50.8300"
"2015/05/13","50.7500","572811.0000","50.4900","50.9300","50.2950"
"2015/05/12","50.5000","770866.0000","50.6600","50.8700","50.2800"
"2015/05/11","50.8050","951084.0000","50.6300","51.1600","50.3900"
"2015/05/08","50.5500","995695.0000","50.2800","50.7900","50.2101"
"2015/05/07","49.8900","751245.0000","48.9300","49.9200","48.9100"
"2015/05/06","48.9700","1056513.0000","49.4300","49.9900","48.7350"
"2015/05/05","49.4300","1028769.0000","49.5400","49.9300","49.2100"
"2015/05/04","49.6200","712633.0000","49.2200","49.7100","49.1200"
"2015/05/01","49.0500","640543.0000","48.8400","49.1700","48.6200"
"2015/04/30","48.6300","647262.0000","48.8900","49.2500","48.4600"
"2015/04/29","48.9600","1024210.0000","49.3400","49.7450","48.7670"
"2015/04/28","49.3200","990239.0000","48.2900","49.4400","48.1400"
"2015/04/27","48.2600","1422123.0000","48.6300","48.7600","48.1100"
"2015/04/24","48.5700","2037960.0000","49.3500","49.8400","48.2500"
"2015/04/23","49.7600","1417047.0000","48.7200","50.0800","48.6400"
"2015/04/22","48.8400","2193227.0000","48.7500","49.2300","48.6400"
"2015/04/21","48.7200","1743396.0000","48.3800","48.9700","48.3400"
"2015/04/20","48.3400","1426963.0000","48.6800","48.9400","48.2800"
"2015/04/17","48.6750","1591155.0000","49.5800","49.7200","48.4600"
"2015/04/16","49.8000","777206.0000","49.4300","49.8850","49.1700"
"2015/04/15","49.5100","1010213.0000","49.7000","49.9300","49.2955"
"2015/04/14","49.7050","1230926.0000","50.2200","50.2900","49.5800"
"2015/04/13","50.3200","744130.0000","50.4700","50.6700","50.2700"
"2015/04/10","50.5800","668358.0000","50.1100","50.5900","49.9740"
"2015/04/09","50.1400","420212.0000","49.8600","50.1550","49.5900"
"2015/04/08","49.9200","917389.0000","49.9700","50.3950","49.7600"
"2015/04/07","50.0100","517495.0000","50.6800","50.8800","50.0100"
"2015/04/06","50.5800","809486.0000","49.6200","50.6250","49.2100"
"2015/04/02","50.1100","760651.0000","50.4100","50.5700","49.9500"
"2015/04/01","50.4550","884076.0000","50.6400","50.9300","50.2600"
"2015/03/31","50.9400","1193205.0000","50.6300","51.0100","50.3100"
"2015/03/30","50.7000","619143.0000","49.8300","50.8100","49.7750"
"2015/03/27","49.7000","725529.0000","49.3800","49.7700","49.1900"
"2015/03/26","49.5500","999491.0000","49.0100","49.6900","48.9100"
"2015/03/25","49.1600","2018074.0000","50.1100","50.2400","49.0700"
"2015/03/24","50.1700","981427.0000","50.2100","50.4200","49.7600"
"2015/03/23","50.3300","862484.0000","50.4000","50.6200","50.0500"
"2015/03/20","50.4400","1393324.0000","50.6100","50.8500","50.2500"
"2015/03/19","50.4100","1275935.0000","49.3500","50.6100","49.2600"
"2015/03/18","49.5200","1747684.0000","50.6300","50.7200","49.2000"
"2015/03/17","50.9400","546863.0000","50.5500","51.0000","50.3300"
"2015/03/16","50.8050","562540.0000","50.6200","51.1810","50.6200"
"2015/03/13","50.2500","865889.0000","50.0600","50.3300","49.5000"
"2015/03/12","49.9850","792541.0000","49.4500","50.0300","49.4500"
"2015/03/11","49.3400","1001244.0000","49.6000","49.7900","49.2400"
"2015/03/10","49.6400","918244.0000","50.3100","50.3851","49.6400"
"2015/03/09","50.7000","619147.0000","50.2600","50.8500","50.0100"
"2015/03/06","50.1900","742039.0000","50.6600","51.1000","50.1200"
"2015/03/05","50.7800","635775.0000","51.0400","51.0400","50.4000"
"2015/03/04","51.0150","987526.0000","50.5100","51.1000","50.2400"
"2015/03/03","50.5950","646853.0000","50.9000","51.1300","50.2100"
"2015/03/02","50.9200","762929.0000","50.3700","50.9300","50.2900"
"2015/02/27","50.1600","724642.0000","50.5100","50.5650","50.0900"
"2015/02/26","50.6400","949064.0000","50.7600","50.9950","50.3100"
"2015/02/25","50.7900","581671.0000","50.6500","50.9600","50.4950"
"2015/02/24","50.6500","888213.0000","50.7800","51.2200","50.4100"
"2015/02/23","50.7900","711921.0000","50.9200","50.9400","50.4200"
"2015/02/20","50.9400","740582.0000","50.2500","50.9600","49.8200"
"2015/02/19","50.3000","886853.0000","49.6200","50.3900","49.6200"
"2015/02/18","49.9100","821561.0000","49.6800","50.1950","49.6230"
"2015/02/17","49.9200","854304.0000","49.5100","49.9300","49.2600"
"2015/02/13","49.4800","811207.0000","49.8400","49.9800","49.3400"
"2015/02/12","49.7500","819228.0000","49.2900","50.0000","49.2200"
"2015/02/11","49.1800","985661.0000","48.5300","49.3700","48.4100"
"2015/02/10","48.5500","888421.0000","48.7100","49.0500","48.0700"
"2015/02/09","48.4900","822142.0000","49.0000","49.1300","48.3800"
"2015/02/06","49.2350","1277275.0000","48.6300","49.2400","48.4100"
"2015/02/05","48.3000","841806.0000","47.7800","48.9050","47.6940"
"2015/02/04","47.6000","1124044.0000","46.9200","47.8700","46.7260"
"2015/02/03","47.0500","1026472.0000","46.9800","47.2722","46.7600"
"2015/02/02","46.8100","1346522.0000","45.6100","46.8500","45.6100"
"2015/01/30","45.6000","1435493.0000","45.1200","45.9900","44.9120"
"2015/01/29","45.1700","1502594.0000","45.2700","45.8700","44.8200"
"2015/01/28","45.0400","1131358.0000","46.0800","46.3200","44.9300"
"2015/01/27","46.0800","738488.0000","46.1600","46.5400","45.8900"
"2015/01/26","46.5700","906477.0000","46.4600","46.7200","46.1300"
"2015/01/23","46.5600","823892.0000","46.4600","46.7752","46.2000"
"2015/01/22","46.5400","1202862.0000","45.6900","46.6400","45.3800"
"2015/01/21","45.7000","818275.0000","45.7400","46.1800","45.3800"
"2015/01/20","45.9500","1265721.0000","46.6000","46.7700","45.6800"
"2015/01/16","46.2900","2202546.0000","45.7300","46.3900","45.5400"
"2015/01/15","45.7600","1224063.0000","45.6700","46.2000","45.2050"
"2015/01/14","45.6600","1408961.0000","46.1500","46.6300","45.1000"
"2015/01/13","46.7100","1773827.0000","47.5500","48.0400","46.3500"
"2015/01/12","47.3500","1388196.0000","48.3900","48.4900","47.2500"
"2015/01/09","48.5000","714520.0000","49.2100","49.3900","48.3200"
"2015/01/08","49.0100","1205573.0000","48.4900","49.3300","48.4400"
"2015/01/07","48.2600","991107.0000","47.8900","48.2800","47.3200"
"2015/01/06","47.5800","1034698.0000","47.7600","47.9750","47.1600"
"2015/01/05","47.6100","956080.0000","47.6200","47.9080","47.2600"
"2015/01/02","47.8600","596109.0000","48.2200","48.4116","47.4200"
"2014/12/31","47.9600","440950.0000","48.8800","48.8800","47.9500"
"2014/12/30","48.6300","358022.0000","48.8200","48.8400","48.4700"
"2014/12/29","48.8500","423348.0000","48.6800","49.0600","48.4400"
"2014/12/26","48.7000","354370.0000","48.7900","49.2200","48.6900"
"2014/12/24","48.7400","346190.0000","49.2900","49.4500","48.7200"
"2014/12/23","49.1400","806069.0000","49.5200","49.7100","49.1200"
"2014/12/22","49.2900","906964.0000","48.3900","49.3800","48.3900"
"2014/12/19","48.6900","2219771.0000","48.2400","48.9200","47.9700"
"2014/12/18","47.8600","770472.0000","47.0200","47.8600","46.6300"
"2014/12/17","46.5300","773829.0000","45.9900","46.6900","45.7800"
"2014/12/16","45.7400","1494114.0000","46.5100","46.7200","45.7400"
"2014/12/15","46.4600","1302721.0000","46.2400","46.8300","46.0000"
"2014/12/12","46.1100","1589192.0000","46.5000","48.2300","45.9800"
"2014/12/11","46.9700","1583567.0000","45.9100","47.0800","45.8100"
"2014/12/10","45.7900","1176525.0000","45.9800","46.3900","45.7500"
"2014/12/09","46.4100","1720773.0000","46.9000","46.9100","46.2850"
"2014/12/08","46.2600","1199051.0000","46.0900","47.0000","46.0900"
"2014/12/05","45.6800","910042.0000","46.0000","46.5000","45.6100"
"2014/12/04","45.9400","665667.0000","45.6400","46.0000","45.3700"
"2014/12/03","45.5350","532504.0000","45.0800","45.5700","44.8750"
"2014/12/02","45.0700","573834.0000","44.4800","45.1100","44.3100"
"2014/12/01","44.2700","1033290.0000","44.8500","44.9400","44.2600"
"2014/11/28","44.9100","235800.0000","44.8200","44.9700","44.6100"
"2014/11/26","44.8300","491085.0000","44.5700","44.8650","44.5100"
"2014/11/25","44.5800","685623.0000","44.6300","44.8100","44.4400"
"2014/11/24","44.6400","787663.0000","44.2800","44.6800","44.1000"
"2014/11/21","44.1000","957891.0000","44.5600","44.6500","43.3775"
"2014/11/20","44.1600","695084.0000","43.6900","44.1800","43.5800"
"2014/11/19","43.9800","844826.0000","43.9100","44.0100","43.2900"
"2014/11/18","43.9900","953927.0000","43.8100","44.0100","43.7100"
"2014/11/17","43.7300","575563.0000","43.7200","43.9300","43.4900"
"2014/11/14","43.7800","489552.0000","43.7000","43.9850","43.5700"
"2014/11/13","43.7900","596729.0000","44.1300","44.2100","43.5556"
"2014/11/12","44.0300","532400.0000","44.0900","44.2700","43.9400"
"2014/11/11","44.2700","431807.0000","44.0100","44.2900","43.8200"
"2014/11/10","44.0300","727644.0000","43.7200","44.0700","43.5800"
"2014/11/07","43.8800","795722.0000","44.1400","44.1400","43.6800"
"2014/11/06","43.9000","959691.0000","43.8500","44.0500","43.7100"
"2014/11/05","43.7400","1383606.0000","44.0400","44.0400","43.4700"
"2014/11/04","43.6900","916549.0000","43.5500","44.0300","43.4200"
"2014/11/03","43.5300","842263.0000","43.1100","43.6900","43.0000"
"2014/10/31","43.2600","1371722.0000","43.0000","43.3900","42.9200"
"2014/10/30","42.7700","903062.0000","42.3900","42.9800","42.3050"
"2014/10/29","42.4300","946489.0000","42.0000","42.5300","41.7700"
"2014/10/28","41.8200","820905.0000","41.2600","41.9000","40.9450"
"2014/10/27","40.9900","1126991.0000","40.5900","41.1100","40.5200"
"2014/10/24","40.8800","1294631.0000","40.4500","41.0400","39.9400"
"2014/10/23","41.3000","1142876.0000","41.3300","41.6350","41.0100"
"2014/10/22","40.9300","801472.0000","41.1900","41.4000","40.9100"
"2014/10/21","41.1900","1072359.0000","40.8600","41.2100","40.6800"
"2014/10/20","40.7400","658995.0000","40.2100","40.8000","39.9900"
"2014/10/17","40.1600","1179328.0000","40.0900","40.5400","39.7300"
"2014/10/16","39.7300","939096.0000","39.4600","40.2200","39.1000"
"2014/10/15","39.8000","1587356.0000","39.1900","40.0100","38.4300"
"2014/10/14","39.7800","1328834.0000","40.1600","40.5700","39.7400"
"2014/10/13","39.9800","1527441.0000","41.2300","41.5500","39.9200"
"2014/10/10","41.3600","1346845.0000","41.6100","42.2500","41.3200"
"2014/10/09","41.5200","975497.0000","42.0300","42.1500","41.4900"
"2014/10/08","42.1500","1040539.0000","41.2900","42.1700","41.2600"
"2014/10/07","41.2200","1414271.0000","41.8500","41.9000","41.2200"
"2014/10/06","42.1900","913209.0000","42.7800","42.8400","42.1500"
"2014/10/03","42.7400","882901.0000","42.3100","42.8600","42.3000"
"2014/10/02","42.0900","1123809.0000","42.3600","42.5000","41.6400"
"2014/10/01","41.9500","767220.0000","42.4300","42.4300","41.8409"
"2014/09/30","42.4200","698072.0000","42.4300","42.6800","42.3505"
"2014/09/29","42.3500","1112773.0000","42.0000","42.4300","41.9360"
"2014/09/26","42.3900","646913.0000","41.8300","42.4400","41.8300"
"2014/09/25","42.0000","1086067.0000","42.7800","42.9140","41.9300"
"2014/09/24","42.7900","931093.0000","42.5600","42.8500","42.4300"
"2014/09/23","42.5700","736033.0000","43.2600","43.4300","42.5600"
"2014/09/22","43.2500","712348.0000","43.7800","43.8900","43.1500"
"2014/09/19","43.9000","1712410.0000","43.8300","44.1300","43.7450"
"2014/09/18","43.7150","1449553.0000","44.0200","44.3300","43.5400"
"2014/09/17","43.8600","1508967.0000","44.0400","44.0400","43.7600"
"2014/09/16","43.9700","1008925.0000","43.5600","44.0400","43.5600"
"2014/09/15","43.6600","742678.0000","43.7700","43.9400","43.4700"
"2014/09/12","43.8550","917091.0000","43.3400","43.9300","43.3400"
"2014/09/11","43.3250","722591.0000","43.0500","43.4000","42.8100"
"2014/09/10","43.3500","622898.0000","42.9200","43.3800","42.7700"
"2014/09/09","42.9500","777576.0000","43.1600","43.3300","42.8700"
"2014/09/08","43.2800","679723.0000","43.0200","43.3600","43.0000"
"2014/09/05","43.1200","660634.0000","43.1200","43.2200","42.8300"
"2014/09/04","43.1200","594823.0000","43.5100","43.6400","42.8900"
"2014/09/03","43.3800","842103.0000","43.7200","43.8700","43.2000"
"2014/09/02","43.5200","891306.0000","43.8000","43.8000","43.2400"
"2014/08/29","43.4700","822936.0000","43.8900","44.0600","43.4600"
"2014/08/28","43.8000","804720.0000","43.4700","43.9200","43.2801"
"2014/08/27","43.7150","858503.0000","43.6300","43.7800","43.3300"
"2014/08/26","43.6200","714104.0000","43.5100","43.7900","43.3300"
"2014/08/25","43.4600","864698.0000","42.9900","43.5700","42.7600"
"2014/08/22","42.7700","613386.0000","42.6500","42.8900","42.5700"
"2014/08/21","42.7500","577353.0000","42.6500","42.9100","42.4900"
"2014/08/20","42.7300","831309.0000","42.4400","42.9000","42.3100"
"2014/08/19","42.4900","601021.0000","42.3100","42.5300","42.2900"
"2014/08/18","42.3500","455891.0000","42.3200","42.7100","42.2100"
"2014/08/15","42.1200","686469.0000","42.3200","42.4100","41.7100"
"2014/08/14","42.2300","682948.0000","42.1100","42.2920","41.9966"
"2014/08/13","42.0400","858414.0000","40.9100","42.1400","40.9100"
"2014/08/12","41.5800","802046.0000","41.8100","42.1200","41.3600"
"2014/08/11","41.9700","752418.0000","41.8000","42.1000","41.7700"
"2014/08/08","41.6300","1022186.0000","41.6600","41.6700","41.1750"
"2014/08/07","41.4800","1215757.0000","41.8800","42.1800","41.0200"
"2014/08/06","41.7200","1484628.0000","41.6600","42.1600","41.6100"
"2014/08/05","41.6800","1405658.0000","42.0100","42.3100","41.6700"
"2014/08/04","42.2700","1163425.0000","41.9700","42.3900","41.6600"
"2014/08/01","41.9700","1489200.0000","42.2000","42.3700","41.5400"
"2014/07/31","42.1900","1221081.0000","42.5800","42.7300","42.0630"
"2014/07/30","42.9000","1416845.0000","43.0500","43.0600","42.6100"
"2014/07/29","42.8500","1748409.0000","42.7000","43.2550","42.7000"
"2014/07/28","42.8400","996321.0000","42.3600","42.9050","42.1900"
"2014/07/25","42.3600","1437306.0000","42.1800","42.5000","42.0000"
"2014/07/24","42.2200","2098697.0000","41.3400","42.5800","41.3400"
"2014/07/23","41.1500","1897075.0000","41.4200","41.6300","41.1400"
"2014/07/22","41.4500","1290025.0000","41.1000","41.6150","41.0600"
"2014/07/21","41.0600","1793475.0000","40.9100","41.2200","40.6000"
"2014/07/18","40.9900","2459034.0000","40.7400","41.6400","40.5100"
"2014/07/17","40.6100","914942.0000","40.1600","40.7300","40.1400"
"2014/07/16","40.3000","573576.0000","39.9500","40.3600","39.9500"
"2014/07/15","40.0300","1621831.0000","40.2700","40.4600","39.9500"
"2014/07/14","40.2400","1385934.0000","39.6200","40.3500","39.5300"
"2014/07/11","39.1100","763578.0000","38.5400","39.1700","38.4100"
"2014/07/10","38.6000","1159151.0000","38.7200","38.8500","38.3100"
"2014/07/09","39.1200","829235.0000","38.9600","39.2000","38.8700"
"2014/07/08","38.9200","1342662.0000","39.6200","39.7000","38.8200"
"2014/07/07","39.7100","1455045.0000","39.8200","39.9200","39.4700"
"2014/07/03","39.9400","945705.0000","39.6800","40.0000","39.4800"
"2014/07/02","39.6500","1527694.0000","39.2300","39.7000","39.0200"
"2014/07/01","39.3300","1934630.0000","38.8000","39.4700","38.5320"
"2014/06/30","38.6200","1583777.0000","38.1200","38.7500","37.8519"
"2014/06/27","38.2400","1449966.0000","38.0000","38.4500","37.8700"
"2014/06/26","38.0200","1476469.0000","37.4200","38.1900","37.3100"
"2014/06/25","37.5400","1479191.0000","37.6600","38.4673","37.5200"
"2014/06/24","37.7200","1612594.0000","38.5500","38.6800","37.6500"
"2014/06/23","38.8700","2542834.0000","37.7900","39.2400","37.7900"
"2014/06/20","37.7800","1291105.0000","37.5500","37.7800","37.4100"
"2014/06/19","37.5300","982074.0000","37.8700","37.9300","37.3600"
"2014/06/18","37.8900","1202433.0000","37.3000","37.9200","37.1500"
"2014/06/17","37.2500","907671.0000","36.5100","37.2900","36.4950"
"2014/06/16","36.5500","1124114.0000","36.7400","36.7800","36.3500"
"2014/06/13","36.7300","1092606.0000","36.7500","37.0500","36.6400"
"2014/06/12","36.8000","1378597.0000","36.5400","37.2750","36.2400"
"2014/06/11","36.4700","1167906.0000","36.8900","36.8900","36.4200"
"2014/06/10","37.1400","791674.0000","37.6400","37.6900","37.0400"
"2014/06/09","37.7200","999439.0000","37.5800","37.8600","37.3800"
"2014/06/06","37.6100","1276181.0000","37.9500","38.2400","37.5400"
"2014/06/05","37.7000","3333704.0000","37.9200","38.1800","36.8900"
"2014/06/04","38.1600","1011732.0000","38.0200","38.2100","37.7650"
"2014/06/03","38.0500","1218785.0000","37.6100","38.1750","37.6100"
"2014/06/02","37.7700","875853.0000","37.9500","38.0700","37.6300"
"2014/05/30","37.9000","1362986.0000","37.4900","38.1600","37.4500"
"2014/05/29","37.7100","1025957.0000","37.5000","37.7700","37.2200"
"2014/05/28","37.3800","1070823.0000","37.0000","37.5100","36.9100"
"2014/05/27","36.9200","1499755.0000","36.5900","37.3500","36.5700"
"2014/05/23","36.4500","708117.0000","36.4500","36.5300","36.1800"
"2014/05/22","36.3600","727573.0000","36.2300","36.5242","36.1000"
"2014/05/21","36.3000","1124709.0000","35.9100","36.5100","35.7400"
"2014/05/20","35.7500","1087957.0000","36.2700","36.4800","35.7100"
"2014/05/19","36.2100","679565.0000","35.8600","36.3500","35.7900"
"2014/05/16","36.0600","1455560.0000","36.1300","36.3100","35.7700"
"2014/05/15","36.2200","1586361.0000","36.5100","36.6200","35.9900"
"2014/05/14","36.5300","1502103.0000","36.5600","36.9400","36.4100"
"2014/05/13","36.5100","1910551.0000","36.7700","36.9800","34.7000"
"2014/05/12","36.8300","924168.0000","36.6700","37.0600","36.6400"
"2014/05/09","36.3700","1703733.0000","36.3700","36.6400","36.2000"
"2014/05/08","36.5600","1160860.0000","36.8400","37.2700","36.5000"
"2014/05/07","36.8700","1351704.0000","36.3900","37.3800","36.3900"
"2014/05/06","36.3000","1537094.0000","36.6500","36.6500","36.1800"
"2014/05/05","36.7000","834642.0000","36.4400","36.9500","36.2100"
"2014/05/02","36.8500","929678.0000","36.9300","37.3600","36.8300"
"2014/05/01","36.9300","887987.0000","36.9500","37.3300","36.6400"
"2014/04/30","36.9000","1615868.0000","36.6300","37.1400","36.3900"
"2014/04/29","36.5000","2096756.0000","36.2800","36.6900","36.1900"
"2014/04/28","36.3000","1644586.0000","36.2500","36.4400","35.8300"
"2014/04/25","36.0500","2010469.0000","36.4600","36.4800","35.9300"
"2014/04/24","36.2700","2240533.0000","34.8600","37.0200","34.8600"
"2014/04/23","36.6100","1890343.0000","36.4600","36.6700","36.0800"
"2014/04/22","36.6200","2859918.0000","36.0200","36.8200","35.8300"
"2014/04/21","35.4800","1540399.0000","35.0400","35.6300","34.8500"
"2014/04/17","35.0100","1672989.0000","34.8100","35.4500","34.5100"
"2014/04/16","34.7300","2141164.0000","34.3800","34.9800","34.2400"
"2014/04/15","34.1300","2976635.0000","34.3600","34.5200","33.4900"
"2014/04/14","34.4100","1999689.0000","34.8000","35.3700","34.0550"
"2014/04/11","34.7700","3862609.0000","34.8100","35.2300","34.0400"
"2014/04/10","34.8900","4010836.0000","34.9000","35.7200","34.2700"
"2014/04/09","34.8800","3826212.0000","33.8900","34.9600","33.6800"
"2014/04/08","34.8100","3528561.0000","35.8200","36.2700","34.6800"
"2014/04/07","35.7900","4080291.0000","36.3000","36.4000","35.6400"
"2014/04/04","36.3000","4030934.0000","36.6200","36.8300","35.0000"
"2014/04/03","36.4400","2462986.0000","37.1000","37.3300","36.0900"
"2014/04/02","36.9800","2352642.0000","36.0200","37.1100","35.6300"
"2014/04/01","35.7800","5836374.0000","37.3100","37.3100","35.5100"
"2014/03/31","36.9400","2167629.0000","36.6400","37.6300","36.6400"
"2014/03/28","36.7200","1971828.0000","37.2400","37.6600","36.5800"
"2014/03/27","37.1400","2478269.0000","37.6300","37.9100","36.3600"
"2014/03/26","37.6000","1524682.0000","38.3100","38.4700","37.5600"
"2014/03/25","38.1500","1355700.0000","38.2100","38.6000","37.7400"
"2014/03/24","38.0900","2142319.0000","37.8200","38.1600","37.4600"
"2014/03/21","37.5400","2400550.0000","37.9600","37.9700","37.3200"
"2014/03/20","37.4900","2241518.0000","37.4300","37.6800","37.2900"
"2014/03/19","37.5000","2710072.0000","38.5800","38.7500","37.3000"
"2014/03/18","38.5000","2942102.0000","39.4300","39.7300","38.1300"
"2014/03/17","39.7300","901990.0000","39.4900","39.9000","39.3700"
"2014/03/14","39.3300","1840949.0000","38.7900","39.4100","38.5200"
"2014/03/13","38.8200","1172306.0000","39.4700","39.6900","38.7900"
"2014/03/12","39.4000","1094281.0000","39.3500","39.5400","38.8300"
"2014/03/11","39.5500","1227703.0000","40.1200","40.3700","39.5000"
"2014/03/10","40.2700","1107233.0000","40.6700","40.8900","40.2100"
"2014/03/07","40.7900","1316297.0000","40.7600","41.2500","40.5550"
"2014/03/06","40.7000","1245380.0000","39.9700","40.9500","39.9200"
"2014/03/05","40.0400","1075302.0000","39.3400","40.0800","38.6900"
"2014/03/04","39.8200","1557117.0000","39.5500","39.9000","39.0800"
"2014/03/03","38.3500","1325758.0000","37.9300","38.6800","37.8500"
"2014/02/28","38.3900","1133415.0000","38.5000","39.0600","38.2600"
"2014/02/27","38.4200","1481068.0000","38.2900","38.5500","38.0700"
"2014/02/26","38.3500","1713134.0000","39.0400","39.3000","38.3050"
"2014/02/25","39.0700","1021911.0000","38.9700","39.4025","38.6800"
"2014/02/24","39.1200","1063125.0000","38.8000","39.6500","38.6400"
"2014/02/21","38.9300","1621634.0000","39.4300","39.7400","38.8900"
"2014/02/20","39.4800","955609.0000","39.4200","39.6400","39.1800"
"2014/02/19","39.5700","1907657.0000","39.2000","39.7900","38.9900"
"2014/02/18","39.1100","1064465.0000","38.9100","39.6200","38.7300"
"2014/02/14","38.7200","593734.0000","38.6000","38.7700","38.3200"
"2014/02/13","38.6900","391528.0000","38.4600","38.8500","38.3000"
"2014/02/12","38.5900","731558.0000","38.3400","38.7300","38.1975"
"2014/02/11","38.3700","1066087.0000","37.5100","38.5300","37.5100"
"2014/02/10","37.5100","1820107.0000","37.6100","37.7300","37.3500"
"2014/02/07","37.5400","1918742.0000","38.0000","38.0800","37.4600"
"2014/02/06","37.8500","1366683.0000","38.3700","38.5960","37.7300"
"2014/02/05","38.1500","1430561.0000","37.3000","38.3325","36.8500"
"2014/02/04","37.7900","1938439.0000","37.1000","38.1700","36.3700"
"2014/02/03","37.1300","1492435.0000","38.1600","38.5300","37.0800"
"2014/01/31","38.1500","1513973.0000","37.9000","38.6500","37.5100"
"2014/01/30","38.4100","1441902.0000","37.4000","38.6300","37.4000"
"2014/01/29","37.2000","1492962.0000","37.4200","37.7600","37.0600"
"2014/01/28","37.6500","1603475.0000","37.2000","37.8200","37.1700"
"2014/01/27","37.3200","1003149.0000","37.8300","38.0800","37.1850"
"2014/01/24","37.6000","1302364.0000","38.3100","38.6025","37.5800"
"2014/01/23","38.7000","1219935.0000","39.3100","39.4900","38.4399"
"2014/01/22","39.5000","998325.0000","39.3500","39.7499","39.2100"
"2014/01/21","39.4000","1212096.0000","39.7900","40.1200","39.2850"
"2014/01/17","39.7200","1042750.0000","39.9500","40.0000","39.4300"
"2014/01/16","39.9800","1860571.0000","39.3800","39.9800","39.3800"
"2014/01/15","39.5200","1066547.0000","39.8900","39.9100","39.0800"
"2014/01/14","39.7400","836549.0000","39.3200","39.8000","39.2100"
"2014/01/13","39.1500","1072741.0000","39.7200","40.2700","38.9100"
"2014/01/10","39.9200","1054708.0000","40.2400","40.5300","39.8300"
"2014/01/09","40.2400","833217.0000","40.4800","40.7400","40.1500"
"2014/01/08","40.1800","1714852.0000","40.7000","40.7400","40.0200"
"2014/01/07","40.0700","917291.0000","40.1100","40.3700","39.8000"
"2014/01/06","39.8800","1524984.0000","39.6900","40.0500","39.5000"
"2014/01/03","39.7800","1222295.0000","39.2900","39.9800","39.2900"
"2014/01/02","39.2000","1051348.0000","39.8900","39.9600","39.1500"
"2013/12/31","39.8000","555646.0000","39.9600","40.1500","39.6175"
"2013/12/30","39.8300","615843.0000","39.8100","39.9700","39.6100"
"2013/12/27","39.9200","516179.0000","39.9700","40.1300","39.7600"
"2013/12/26","39.9800","514542.0000","40.1200","40.2300","39.8190"
"2013/12/24","39.9100","348008.0000","39.7200","39.9600","39.3200"
"2013/12/23","39.7600","879348.0000","39.3700","39.8500","39.3600"
"2013/12/20","39.9600","1700133.0000","39.6000","40.0800","39.3900"
"2013/12/19","39.4600","860942.0000","39.4500","39.5800","39.2300"
"2013/12/18","39.5950","1611725.0000","39.2500","39.6000","38.5400"
"2013/12/17","39.3100","1048836.0000","38.7200","39.3300","38.7200"
"2013/12/16","38.7200","1169990.0000","38.7300","38.9600","38.4700"
"2013/12/13","38.5500","969691.0000","38.9600","38.9700","38.5500"
"2013/12/12","38.7900","1453021.0000","38.7400","39.0200","38.5250"
"2013/12/11","38.7100","1139141.0000","38.7800","39.0000","38.6200"
"2013/12/10","38.8900","1082908.0000","38.8200","39.0100","38.4500"
"2013/12/09","38.9100","1202446.0000","39.0100","39.1200","38.7100"
"2013/12/06","38.8800","2022132.0000","39.2700","39.3400","38.2100"
"2013/12/05","38.8600","1653072.0000","39.5800","39.8800","38.8200"
"2013/12/04","39.9500","2418413.0000","38.9900","40.3800","38.7400"
"2013/12/03","39.0300","1139711.0000","39.2200","39.5100","38.7000"
"2013/12/02","39.4000","1675979.0000","39.4700","40.6410","39.2900"
"2013/11/29","39.2900","866859.0000","38.7900","39.6700","38.5930"
"2013/11/27","38.6400","965659.0000","38.8300","39.0800","38.4600"
"2013/11/26","38.7900","980424.0000","39.2600","39.4200","38.7800"
"2013/11/25","39.3000","1372995.0000","39.6100","39.8300","39.2600"
"2013/11/22","39.6100","1575114.0000","39.0000","39.6800","38.9200"
"2013/11/21","38.9200","1476808.0000","38.7400","39.0000","38.5600"
"2013/11/20","38.4800","1728741.0000","38.1500","38.6600","38.0200"
"2013/11/19","38.2100","2134283.0000","37.0000","38.6000","36.9000"
"2013/11/18","37.6000","1400613.0000","37.1700","37.6200","36.8700"
"2013/11/15","37.0800","1675659.0000","37.1900","37.2000","36.7800"
"2013/11/14","37.2000","1595977.0000","36.3400","37.2300","36.0900"
"2013/11/13","36.1800","658563.0000","35.5500","36.1800","35.5100"
"2013/11/12","35.8500","749149.0000","35.9000","36.2510","35.6600"
"2013/11/11","35.9100","796187.0000","35.8300","36.2000","35.5200"
"2013/11/08","35.9300","965087.0000","35.2500","36.0100","35.1300"
"2013/11/07","35.1200","643932.0000","35.6600","35.8400","35.0650"
"2013/11/06","35.5000","597007.0000","35.4500","35.6700","35.3600"
"2013/11/05","35.3200","731390.0000","35.1900","35.6300","35.0800"
"2013/11/04","35.4600","579316.0000","35.4800","35.5100","35.2000"
"2013/11/01","35.2950","1256670.0000","35.4200","35.5600","35.0100"
"2013/10/31","35.4300","1165938.0000","35.5400","35.7100","35.3540"
"2013/10/30","35.7250","791944.0000","35.9400","35.9800","35.5300"
"2013/10/29","36.0100","1371524.0000","35.7900","36.0400","35.6600"
"2013/10/28","35.7200","1239070.0000","35.6900","35.9500","35.6500"
"2013/10/25","35.7000","1109185.0000","35.5300","36.0300","35.4700"
"2013/10/24","35.6500","1423193.0000","35.5300","36.2500","35.5300"
"2013/10/23","35.5350","2448476.0000","33.7500","35.6200","33.6800"
"2013/10/22","33.5800","1300341.0000","33.8300","34.1400","33.5550"
"2013/10/21","33.6900","1410546.0000","34.1000","34.2300","33.3800"
"2013/10/18","34.1450","641240.0000","34.2100","34.2379","34.0000"
"2013/10/17","34.0800","805738.0000","33.4900","34.1600","33.4900"
"2013/10/16","33.6800","1011262.0000","33.6100","33.9400","33.3900"
"2013/10/15","33.3300","954272.0000","33.5400","33.8250","33.1900"
"2013/10/14","33.5300","780171.0000","33.0100","33.6200","33.0100"
"2013/10/11","33.1700","1064043.0000","32.8700","33.3200","32.8700"
"2013/10/10","33.0200","859673.0000","32.2600","33.0600","32.2500"
"2013/10/09","32.0200","1245457.0000","31.9500","32.3650","31.7600"
"2013/10/08","31.7900","1143654.0000","32.2900","32.4300","31.7600"
"2013/10/07","32.2800","955961.0000","32.6600","32.7200","32.2700"
"2013/10/04","32.9000","1647658.0000","32.3500","33.0100","32.2700"
"2013/10/03","32.3100","1320042.0000","32.2200","32.5000","32.0050"
"2013/10/02","32.3800","1043754.0000","32.3000","32.4000","32.0200"
"2013/10/01","32.3900","1203303.0000","32.1000","32.5000","31.9500"
"2013/09/30","32.1100","937320.0000","31.8700","32.1250","31.7307"
"2013/09/27","32.2000","550489.0000","32.3000","32.3100","32.1000"
"2013/09/26","32.5700","920903.0000","32.0500","32.6250","32.0400"
"2013/09/25","32.0500","1061178.0000","32.2000","32.4001","32.0100"
"2013/09/24","32.1800","1277878.0000","32.1300","32.4400","31.9800"
"2013/09/23","32.0600","2626015.0000","31.9100","32.6800","31.8800"
"2013/09/20","32.0800","1603507.0000","32.0900","32.3300","31.9600"
"2013/09/19","32.0150","1378129.0000","31.7500","32.0800","31.6500"
"2013/09/18","31.7700","2816556.0000","31.4600","31.8600","31.2250"
"2013/09/17","31.5300","902382.0000","31.4100","31.5600","31.3100"
"2013/09/16","31.4200","1690878.0000","31.5500","31.6700","31.1900"
"2013/09/13","31.2500","1275158.0000","31.2500","31.3300","31.0300"
"2013/09/12","31.2900","1720646.0000","31.1300","31.3300","30.7600"
"2013/09/11","31.0000","1326727.0000","30.7300","31.1950","30.6200"
"2013/09/10","30.9800","834529.0000","30.8000","31.1000","30.7500"
"2013/09/09","30.6700","1140980.0000","30.5700","30.7100","30.3600"
"2013/09/06","30.5100","1521217.0000","30.4400","30.6700","29.9000"
"2013/09/05","30.2650","1163801.0000","29.9600","30.4200","29.9600"
"2013/09/04","30.0000","2417672.0000","29.7800","30.3300","29.5100"
"2013/09/03","29.7800","1201050.0000","30.3500","30.4900","29.6700"
"2013/08/30","29.8600","1255232.0000","30.2500","30.4000","29.7500"
"2013/08/29","30.0600","1190413.0000","29.7400","30.2000","29.6900"
"2013/08/28","29.8400","1881025.0000","30.0100","30.1700","29.6950"
"2013/08/27","29.9400","1569533.0000","30.3800","30.4900","29.8400"
"2013/08/26","30.6500","1191263.0000","30.9100","31.0000","30.6500"
"2013/08/23","30.8300","2075184.0000","30.7000","30.9600","30.4800"
"2013/08/22","30.4600","2377259.0000","31.6000","31.8900","29.8300"
"2013/08/21","31.5400","1821074.0000","31.8700","32.0400","31.4700"
"2013/08/20","31.2200","1432782.0000","30.7600","31.3500","30.7500"
"2013/08/19","30.7800","1310161.0000","30.7600","31.1000","30.6401"
"2013/08/16","30.7900","1297133.0000","31.0700","31.3100","30.7050"
"2013/08/15","31.1400","1577878.0000","31.6700","31.7600","30.9400"
"2013/08/14","31.9600","660666.0000","31.8500","32.1800","31.7750"
"2013/08/13","31.9100","782160.0000","31.9000","32.1100","31.7100"
"2013/08/12","31.9600","1411937.0000","31.9000","32.2800","31.7700"
"2013/08/09","31.9100","844132.0000","32.2700","32.5000","31.9100"
"2013/08/08","32.3100","762313.0000","32.3700","32.4900","32.1200"
"2013/08/07","32.2400","645146.0000","32.4900","32.4900","32.0300"
"2013/08/06","32.5300","1142471.0000","32.6700","32.6900","32.3200"
"2013/08/05","32.6100","567054.0000","32.7900","32.8300","32.5600"
"2013/08/02","32.9800","758987.0000","33.1400","33.1900","32.8800"
"2013/08/01","33.2000","1367724.0000","32.7000","33.2100","32.5800"
"2013/07/31","32.4000","1879581.0000","32.3400","32.7000","32.2900"
"2013/07/30","32.4600","1926622.0000","32.0700","32.5200","31.8700"
"2013/07/29","33.0100","919336.0000","32.7800","33.0100","32.6001"
"2013/07/26","32.9200","1005064.0000","32.9500","32.9600","32.5000"
"2013/07/25","33.2300","1631492.0000","32.7600","33.2500","32.6310"
"2013/07/24","32.8100","1349402.0000","33.8900","33.9600","32.6500"
"2013/07/23","33.8400","1224709.0000","33.6500","34.1400","33.6500"
"2013/07/22","33.7600","1030269.0000","34.0900","34.1000","33.4500"
"2013/07/19","33.8900","798751.0000","34.0800","34.0800","33.7100"
"2013/07/18","34.1400","493935.0000","33.7700","34.2100","33.6480"
"2013/07/17","33.6700","589433.0000","33.8600","33.9800","33.6000"
"2013/07/16","33.7800","1034781.0000","34.1000","34.2000","33.5150"
"2013/07/15","34.1400","639813.0000","34.3300","34.4100","34.0600"
"2013/07/12","34.3000","700848.0000","34.2500","34.3850","34.0700"
"2013/07/11","34.1200","1425102.0000","33.6000","34.1900","33.5800"
"2013/07/10","33.2700","913231.0000","33.3100","33.4300","32.9600"
"2013/07/09","33.2400","913733.0000","33.3400","33.4600","33.0700"
"2013/07/08","33.1400","809461.0000","33.3900","33.5000","33.1250"
"2013/07/05","33.3000","734699.0000","32.7600","33.3000","32.7300"
"2013/07/03","32.7200","410216.0000","32.8600","32.9700","32.6200"
"2013/07/02","33.0600","718232.0000","33.2400","33.5000","32.8400"
"2013/07/01","33.1100","957237.0000","32.9500","33.4600","32.8000"
"2013/06/28","32.7900","1394691.0000","32.7800","32.9400","32.3900"
"2013/06/27","32.8600","1185463.0000","32.6700","32.8750","32.4300"
"2013/06/26","32.4250","1757653.0000","32.7100","32.8400","32.3100"
"2013/06/25","32.3500","1425588.0000","31.9900","32.6299","31.9300"
"2013/06/24","31.8500","1178441.0000","32.4200","32.5700","31.5200"
"2013/06/21","32.5700","2784437.0000","33.0400","33.0500","32.4100"
"2013/06/20","32.7500","1954081.0000","32.5100","32.9950","32.2500"
"2013/06/19","32.7100","974971.0000","33.1000","33.1200","32.6400"
"2013/06/18","33.1900","986953.0000","32.9800","33.3450","32.9500"
"2013/06/17","33.0400","803577.0000","32.8600","33.2700","32.6000"
"2013/06/14","32.6000","991003.0000","32.6600","32.9600","32.3440"
"2013/06/13","32.5800","2188506.0000","31.2000","32.7400","31.1900"
"2013/06/12","31.3400","1286105.0000","32.1700","32.2700","31.3200"
"2013/06/11","32.1200","1189804.0000","32.4700","32.5400","31.9700"
"2013/06/10","32.9200","1117109.0000","33.0000","33.4300","32.5800"
"2013/06/07","32.8800","1293875.0000","32.1800","32.8900","31.9400"
"2013/06/06","31.8500","1111471.0000","31.1400","31.8600","31.0700"
"2013/06/05","31.0400","1503866.0000","31.0200","31.2000","30.5900"
"2013/06/04","30.8400","1361299.0000","31.1800","31.5050","30.7500"
"2013/06/03","31.0600","1308415.0000","31.4600","31.6000","30.5300"
"2013/05/31","31.4600","1634557.0000","32.1200","32.3100","31.4600"
"2013/05/30","32.1500","1384753.0000","31.5300","32.4450","31.3400"
"2013/05/29","31.5900","1660310.0000","31.5000","31.8000","31.2600"
"2013/05/28","31.4700","1632818.0000","31.2100","31.6600","30.9750"
"2013/05/24","30.7200","1010014.0000","30.7800","30.8150","30.3100"
"2013/05/23","30.9200","2210517.0000","30.7100","30.9700","30.3900"
"2013/05/22","30.9800","3056547.0000","30.3900","31.6900","30.3400"
"2013/05/21","31.1900","1080253.0000","31.2500","31.5200","31.0700"
"2013/05/20","31.3400","1010996.0000","31.2000","31.4950","31.0400"
"2013/05/17","31.2600","2324045.0000","30.7800","31.3400","30.5000"
"2013/05/16","30.7600","1005318.0000","31.0000","31.1500","30.6900"
"2013/05/15","31.1300","1263329.0000","30.8900","31.3000","30.7400"
"2013/05/14","30.9200","1274470.0000","30.4300","31.1300","30.4300"
"2013/05/13","30.4800","930043.0000","30.4900","30.7000","30.2300"
"2013/05/10","30.5000","1401702.0000","30.1800","30.6000","30.0500"
"2013/05/09","30.2300","1098600.0000","30.5000","30.5600","30.1400"
"2013/05/08","30.5400","1224469.0000","30.2200","30.6100","30.0200"
"2013/05/07","30.2200","1468829.0000","30.2100","30.4650","30.1800"
"2013/05/06","30.1400","1299836.0000","30.5300","30.6800","30.1250"
"2013/05/03","30.4600","2727704.0000","30.1600","30.5250","30.1600"
"2013/05/02","29.9700","1436430.0000","29.2800","29.9800","29.2100"
"2013/05/01","29.2500","919363.0000","29.3400","29.5200","29.1000"
"2013/04/30","29.4800","1748151.0000","29.0100","29.4800","29.0100"
"2013/04/29","29.1000","1303331.0000","29.0200","29.1700","28.8800"
"2013/04/26","28.9100","1248986.0000","28.7700","29.0300","28.6600"
"2013/04/25","28.7300","2036283.0000","28.3700","28.9100","28.2000"
"2013/04/24","28.2000","2220475.0000","28.4200","28.6600","27.6300"
"2013/04/23","28.4700","1617304.0000","28.2400","28.5700","28.1500"
"2013/04/22","28.1500","2513214.0000","27.9300","28.2000","27.4700"
"2013/04/19","27.9700","1574406.0000","28.0400","28.1100","27.8600"
"2013/04/18","27.9400","1490313.0000","28.5000","28.5300","27.7800"
"2013/04/17","28.3000","1698905.0000","28.1600","28.5999","28.1600"
"2013/04/16","28.6400","1240769.0000","28.6900","28.8500","28.1700"
"2013/04/15","28.5400","976416.0000","29.0000","29.2800","28.5301"
"2013/04/12","29.1800","1218858.0000","29.1100","29.2200","28.9100"
"2013/04/11","29.1700","1754469.0000","28.9800","29.4200","28.9100"
"2013/04/10","29.0000","2028489.0000","28.7100","29.0100","28.7100"
"2013/04/09","28.7500","1806541.0000","29.0900","29.1500","28.3500"
"2013/04/08","29.0000","1437389.0000","28.7700","29.0100","28.5100"
"2013/04/05","28.7600","2477897.0000","28.3600","28.8900","28.3600"
"2013/04/04","28.5700","2353158.0000","28.3900","28.8700","28.3300"
"2013/04/03","28.2700","3979101.0000","28.0100","28.6000","27.8700"
"2013/04/02","27.9100","11442980.0000","30.1100","30.1100","27.7200"
"2013/04/01","32.0100","689963.0000","32.2800","32.5000","31.9600"
"2013/03/28","32.3000","1112388.0000","32.2900","32.4000","32.1101"
"2013/03/27","32.3800","969295.0000","32.1600","32.5100","31.9501"
"2013/03/26","32.5100","750773.0000","32.2900","32.5400","32.2300"
"2013/03/25","32.1400","846684.0000","32.4400","32.7100","32.0300"
"2013/03/22","32.3600","715401.0000","32.1900","32.4400","32.0000"
"2013/03/21","32.0400","1202390.0000","31.8600","32.3900","31.8400"
"2013/03/20","31.9400","1393213.0000","32.0600","32.2200","31.8650"
"2013/03/19","31.9900","1555557.0000","32.3400","32.4050","31.4300"
"2013/03/18","32.3100","744122.0000","32.1700","32.4700","32.0000"
"2013/03/15","32.5700","1779152.0000","32.7700","32.8900","32.4300"
"2013/03/14","32.6000","846360.0000","32.2000","32.7800","32.1750"
"2013/03/13","32.1200","958662.0000","32.1100","32.3400","31.9100"
"2013/03/12","32.1000","943063.0000","32.0500","32.2400","31.9950"
"2013/03/11","32.3100","680996.0000","32.0100","32.3900","31.9236"
"2013/03/08","32.0250","1147438.0000","32.2300","32.3500","31.9650"
"2013/03/07","32.0000","1431928.0000","32.3000","32.3799","31.9700"
"2013/03/06","32.2300","1427761.0000","32.4500","32.7900","32.1650"
"2013/03/05","32.4500","1919001.0000","32.0800","32.8300","32.0800"
"2013/03/04","32.0300","1628374.0000","31.4400","32.0500","31.3100"
"2013/03/01","31.5800","1612926.0000","31.6000","31.7000","31.1800"
"2013/02/28","31.6600","1164248.0000","31.8000","31.9000","31.6240"
"2013/02/27","31.7900","1016758.0000","31.2500","31.8800","31.2500"
"2013/02/26","31.4500","1847858.0000","31.1400","31.7300","31.0550"
"2013/02/25","30.8300","1179368.0000","31.5200","31.7800","30.8200"
"2013/02/22","31.3600","1739962.0000","31.0400","31.4400","31.0300"
"2013/02/21","30.9800","1077725.0000","31.0300","31.2400","30.7500"
"2013/02/20","31.0500","1421161.0000","31.3800","31.5150","30.9900"
"2013/02/19","31.4900","1284990.0000","31.2400","31.5650","31.1000"
"2013/02/15","31.0700","2765531.0000","30.5600","31.8000","30.5200"
"2013/02/14","30.6000","5653021.0000","31.5100","31.5100","30.4100"
"2013/02/13","31.6500","3210667.0000","30.4400","31.7000","30.4400"
"2013/02/12","30.5500","3384949.0000","31.3300","31.6500","29.9300"
"2013/02/11","30.3800","6707438.0000","29.4900","32.1499","29.3200"
"2013/02/08","29.4700","863756.0000","29.4000","29.4900","29.1420"
"2013/02/07","29.2600","942629.0000","28.9700","29.2900","28.8300"
"2013/02/06","29.0000","1019000.0000","28.6400","29.0300","28.5000"
"2013/02/05","28.8100","1406723.0000","28.5900","28.9200","28.2700"
"2013/02/04","28.3600","1114763.0000","28.5700","28.6100","28.1150"
"2013/02/01","28.6400","1825347.0000","28.6200","29.0600","28.4100"
"2013/01/31","28.3200","2172196.0000","27.7800","28.4900","27.4000"
"2013/01/30","27.9700","981812.0000","27.8300","28.0000","27.7700"
"2013/01/29","27.9000","1225134.0000","27.7100","27.9900","27.6500"
"2013/01/28","27.7800","869183.0000","27.6300","27.9100","27.5300"
"2013/01/25","27.7000","621051.0000","27.7000","27.7200","27.3700"
"2013/01/24","27.5100","770662.0000","27.3900","27.5900","27.3900"
"2013/01/23","27.3800","859435.0000","27.4800","27.5000","27.1000"
"2013/01/22","27.5000","971063.0000","27.2000","27.5100","27.1100"
"2013/01/18","27.1290","693292.0000","27.1300","27.2600","27.0300"
"2013/01/17","27.0700","960542.0000","26.9600","27.2000","26.7900"
"2013/01/16","26.8500","1104115.0000","26.7000","27.0700","26.6400"
"2013/01/15","26.7900","800430.0000","26.7200","26.8400","26.5000"
"2013/01/14","26.7200","1063271.0000","26.6100","26.7700","26.4944"
"2013/01/11","26.5800","671421.0000","26.4800","26.6100","26.4000"
"2013/01/10","26.6300","930597.0000","26.5000","26.6300","26.3700"
"2013/01/09","26.3700","914622.0000","26.0100","26.4750","26.0100"
"2013/01/08","26.1000","985450.0000","26.1800","26.2400","25.9500"
"2013/01/07","26.2700","862857.0000","26.4700","26.4700","26.1500"
"2013/01/04","26.4800","1383807.0000","26.3100","26.5000","26.1800"
"2013/01/03","26.3800","3502881.0000","25.7500","26.6300","25.2700"
"2013/01/02","25.7600","1310583.0000","25.4100","25.7600","25.2800"
"2012/12/31","24.9900","712768.0000","24.8800","25.0250","24.7510"
"2012/12/28","24.8900","1254777.0000","24.8800","25.1300","24.8300"
"2012/12/27","25.0500","814402.0000","25.2100","25.2100","24.8300"
"2012/12/26","25.1600","623081.0000","25.2700","25.3500","25.0700"
"2012/12/24","25.2200","508816.0000","25.5900","25.5900","25.1750"
"2012/12/21","25.4900","2542856.0000","25.8400","25.8400","25.2900"
"2012/12/20","26.1094","5393633.0000","26.7500","26.8000","25.6800"
"2012/12/19","25.2200","1483806.0000","25.0900","25.4200","25.0800"
"2012/12/18","25.2100","1811969.0000","24.6100","25.2300","24.4701"
"2012/12/17","24.6800","1399027.0000","24.3300","24.6900","24.2640"
"2012/12/14","24.2000","1562560.0000","23.9600","24.3900","23.9600"
"2012/12/13","24.3300","2352466.0000","24.1800","24.4600","24.1800"
"2012/12/12","24.3100","4559360.0000","23.5000","24.7400","23.4000"
"2012/12/11","23.5600","1407204.0000","23.6400","23.6900","23.4700"
"2012/12/10","23.4800","1219136.0000","23.7500","23.9400","23.4400"
"2012/12/07","23.7100","808699.0000","23.8100","23.9200","23.6000"
"2012/12/06","23.6900","2021004.0000","23.6700","23.8200","23.4450"
"2012/12/05","23.6700","2657106.0000","24.1900","24.2600","23.6400"
"2012/12/04","24.1600","1141727.0000","23.8900","24.1600","23.8700"
"2012/12/03","23.8900","1405105.0000","24.3400","24.4000","23.8050"
"2012/11/30","24.2300","1050602.0000","24.2400","24.4150","24.1200"
"2012/11/29","24.2600","969624.0000","24.0000","24.3500","23.9200"
"2012/11/28","23.9500","1758984.0000","23.4600","24.1900","23.4600"
"2012/11/27","23.6100","957614.0000","23.4800","23.7900","23.4300"
"2012/11/26","23.5400","778918.0000","23.7200","23.7800","23.4600"
"2012/11/23","23.7800","536105.0000","23.3400","23.8000","23.2068"
"2012/11/21","23.2300","581497.0000","23.1500","23.2500","22.9800"
"2012/11/20","23.1200","1339781.0000","23.2500","23.2500","22.9500"
"2012/11/19","23.3000","1310734.0000","23.2100","23.3200","23.1000"
"2012/11/16","22.9500","1763658.0000","23.0800","23.1700","22.8100"
"2012/11/15","23.0700","1615647.0000","22.7900","23.1050","22.6300"
"2012/11/14","22.8050","1698077.0000","23.2000","23.2800","22.7700"
"2012/11/13","23.1600","943273.0000","23.3500","23.7200","23.1600"
"2012/11/12","23.4800","719999.0000","23.6600","23.8200","23.3300"
"2012/11/09","23.5900","888697.0000","23.5200","23.9300","23.4800"
"2012/11/08","23.5600","1071064.0000","23.7500","24.1500","23.5500"
"2012/11/07","23.7900","1583050.0000","24.1000","24.2000","23.7200"
"2012/11/06","24.4100","994853.0000","24.3300","24.5200","24.1000"
"2012/11/05","24.2800","749329.0000","23.9000","24.3600","23.8000"
"2012/11/02","24.0200","892654.0000","24.2800","24.3500","24.0200"
"2012/11/01","24.1600","1530738.0000","23.8900","24.3000","23.7500"
"2012/10/31","23.7800","1563894.0000","23.9900","24.0300","23.6800"
"2012/10/26","23.7700","569582.0000","23.8900","23.9700","23.6400"
"2012/10/25","23.8650","1649434.0000","23.6000","24.1700","23.5540"
"2012/10/24","23.5800","2543229.0000","24.2200","24.4300","23.4800"
"2012/10/23","24.1300","1698436.0000","23.8500","24.3800","23.7500"
"2012/10/22","24.1300","1220924.0000","24.0700","24.3500","23.9100"
"2012/10/19","24.2700","1207083.0000","24.4300","24.5700","24.0300"
"2012/10/18","24.5703","1051664.0000","24.4200","24.5800","24.3620"
"2012/10/17","24.4700","1066322.0000","24.0400","24.4900","23.8600"
"2012/10/16","24.0800","1234930.0000","23.8100","24.1700","23.6717"
"2012/10/15","23.6900","993480.0000","23.2800","23.7200","23.1100"
"2012/10/12","23.2600","1019718.0000","23.4600","23.5300","23.1600"
"2012/10/11","23.5000","898705.0000","23.7900","23.7900","23.4600"
"2012/10/10","23.5600","1411708.0000","23.4600","23.7600","23.3300"
"2012/10/09","23.3100","954175.0000","23.4600","23.5650","23.1700"
"2012/10/08","23.5400","688154.0000","23.4500","23.7200","23.4000"
"2012/10/05","23.5900","1102172.0000","23.8200","24.0200","23.5450"
"2012/10/04","23.7000","909435.0000","23.3800","23.8100","23.2500"
"2012/10/03","23.2500","876790.0000","23.3300","23.4000","23.1800"
"2012/10/02","23.3200","1904074.0000","23.6400","23.6400","23.3000"
"2012/10/01","23.5300","1323071.0000","23.3800","23.7200","23.3700"
"2012/09/28","23.2900","1205528.0000","23.2600","23.4350","23.1000"
"2012/09/27","23.4200","1393421.0000","23.1200","23.5800","22.9200"
"2012/09/26","22.9100","969633.0000","23.1900","23.1900","22.8800"
"2012/09/25","23.1700","1462099.0000","23.8700","23.8800","23.0800"
"2012/09/24","23.7200","1376827.0000","23.6500","23.9000","23.2700"
"2012/09/21","23.7900","1872772.0000","23.8600","23.9300","23.6400"
"2012/09/20","23.7000","1333355.0000","23.9000","23.9300","23.5900"
"2012/09/19","24.0000","1945422.0000","23.6000","24.0200","23.5000"
